Site No.1,Site Num,Sample Count,Year,Period,Soil Series,Soil texture,Soil Type,NZ Soil Order,NZ Soil Classification,Land use,pH,TC %,TN %,Olsen P,AMN,BD,MP-5,MP-10,As,Cd,Cr,Cu,Ni,Pb,Zn,CI_As,CI_Cd,CI_Cr,CI_Cu,CI_Ni,CI_Pb,CI_Zn,ICI,ICI_Class
1995-01-01,1,1,1995,1995-2000,Patumahoe ,clay loam,Patumahoe clay loam,Granular,Allophanic Oxidic Granular,Outdoor vegetable ,7.17,2.1,0.2,200.0,9.0,0.96,30.0,33.36,8.32,0.55,17.0,37.87,6.68,20.96,59.41,1.34,1.47,0.6,1.65,0.37,0.64,0.63,0.96,Low
2008-01-02,1,2,2008,2008-2012,Patumahoe ,clay loam,Patumahoe clay loam,Granular,Allophanic Oxidic Granular,Outdoor vegetable,6.41,2.0,0.19,181.0,13.0,1.16,12.0,13.0,7.3,0.57,28.0,48.0,11.0,28.0,59.0,1.18,1.52,0.98,2.09,0.61,0.85,0.62,1.12,Moderate
2013-01-03,1,3,2013,2013-2017,Patumahoe ,clay loam,Patumahoe clay loam,Granular,Typic Orthic Granular,Outdoor vegetable,6.02,2.2,0.22,276.0,13.0,1.04,23.0,24.0,5.6,0.5,29.0,47.0,10.0,29.0,47.0,0.9,1.33,1.02,2.04,0.56,0.88,0.5,1.03,Moderate
2023-01-05,1,5,2023,2018-2023,Patumahoe ,clay loam,Patumahoe clay loam,Granular,Typic Orthic Granular,Outdoor vegetable,5.13,1.9,0.19,313.0,11.0,1.09,18.0,20.0,7.9,0.5,25.0,46.0,10.4,32.0,68.0,1.27,1.33,0.88,2.0,0.58,0.97,0.72,1.11,Moderate
1995-02-01,2,1,1995,1995-2000,Patumahoe ,clay loam,Patumahoe clay loam,Granular,Allophanic Oxidic Granular,Drystock,6.3,6.1,0.57,14.0,130.0,0.87,9.0,11.95,3.74,0.41,14.74,14.93,8.85,17.44,37.2,0.6,1.09,0.52,0.65,0.49,0.53,0.39,0.61,Low
2010-02-02,2,2,2010,2008-2012,Patumahoe ,clay loam,Patumahoe clay loam,Granular,Allophanic Oxidic Granular,Drystock-Lifestyle,6.19,7.1,0.63,39.0,221.0,0.98,2.0,5.0,11.0,0.46,22.0,34.0,6.0,54.0,78.0,1.77,1.23,0.77,1.48,0.33,1.64,0.83,1.15,Moderate
2015-02-04,2,4,2015,2013-2017,Patumahoe ,clay loam,Patumahoe clay loam,Granular,Allophanic Oxidic Granular,Drystock-Lifestyle ,6.13,6.9,0.64,34.0,172.0,0.81,6.0,9.0,11.0,0.42,20.0,41.0,6.0,120.0,88.0,1.77,1.12,0.7,1.78,0.33,3.64,0.93,1.47,Moderate
2020-02-05,2,5,2020,2018-2023,Patumahoe ,clay loam,Patumahoe clay loam,Granular,Allophanic Oxidic Granular,Drystock-Lifestyle,5.39,5.1,0.48,13.0,163.0,0.92,6.0,8.0,21.0,0.42,38.0,48.0,12.0,122.0,112.0,3.39,1.12,1.33,2.09,0.67,3.7,1.19,1.93,Moderate
1996-03-01,3,1,1996,1995-2000,Whangaripo ,clay loam,Whangaripo clay loam,Ultic,Typic Yellow Ultic,Forestry,4.67,4.6,0.3,34.0,40.0,1.05,13.0,14.0,4.12,0.18,11.45,15.16,0.96,13.26,25.35,0.66,0.48,0.4,0.66,0.05,0.4,0.27,0.42,Low
2011-03-02,3,2,2011,2008-2012,Whangaripo ,clay loam,Whangaripo clay loam,Ultic,Typic Yellow Ultic,Forestry,4.75,6.7,0.39,68.0,94.0,0.95,12.0,15.0,1.7,0.17,16.0,20.0,4.0,5.0,21.0,0.27,0.45,0.56,0.87,0.22,0.15,0.22,0.39,Low
2016-03-03,3,3,2016,2013-2017,Whangaripo ,clay loam,Whangaripo clay loam,Ultic,Typic Yellow Ultic,Forestry,5.3,7.1,0.29,7.0,87.0,0.99,17.0,19.0,1.1,0.09,16.0,10.0,4.0,12.0,17.0,0.18,0.24,0.56,0.43,0.22,0.36,0.18,0.31,Low
1996-05-01,5,1,1996,1995-2000,Whangaripo ,clay loam,Whangaripo clay loam,Ultic,Typic Yellow Ultic,Forestry,4.93,5.6,0.3,13.0,65.0,0.84,7.0,8.0,3.23,0.1,11.62,13.25,1.76,13.63,24.56,0.52,0.27,0.41,0.58,0.1,0.41,0.26,0.36,Low
2011-05-02,5,2,2011,2008-2012,Whangaripo ,clay loam,Whangaripo clay loam,Ultic,Typic Yellow Ultic,Forestry,4.73,7.2,0.44,6.0,133.0,0.83,11.0,13.0,2.1,0.12,21.0,40.0,2.0,4.0,12.0,0.34,0.32,0.74,1.74,0.11,0.12,0.13,0.5,Low
2016-05-03,5,3,2016,2013-2017,Whangaripo ,clay loam,Whangaripo clay loam,Ultic,Typic Yellow Ultic,Forestry,5.69,5.2,0.25,5.0,81.0,1.16,5.0,7.0,1.8,0.09,10.0,5.0,3.0,6.0,11.0,0.29,0.24,0.35,0.22,0.17,0.18,0.12,0.22,Low
2021-05-04,5,4,2021,2018-2023,Whangaripo ,clay loam,Whangaripo clay loam,Ultic,Typic Yellow Ultic,Forestry,5.67,4.3,0.2,2.0,76.0,1.12,12.0,14.0,4.7,0.05,26.0,16.0,8.0,12.0,35.0,0.76,0.13,0.91,0.7,0.45,0.36,0.37,0.53,Low
1996-06-01,6,1,1996,1995-2000,Whangaripo ,clay loam,Whangaripo clay loam,Ultic,Typic Yellow Ultic,Native,5.32,6.8,0.4,5.0,142.0,0.78,10.0,11.0,3.55,0.12,13.74,13.56,5.63,15.85,33.61,0.57,0.32,0.48,0.59,0.31,0.48,0.36,0.44,Low
2012-06-02,6,2,2012,2008-2012,Whangaripo ,clay loam,Whangaripo clay loam,Ultic,Typic Yellow Ultic,Native,5.1,6.1,0.3,2.0,122.0,0.62,8.0,11.0,1.7,0.03,28.0,17.0,9.0,5.0,35.0,0.27,0.08,0.98,0.74,0.5,0.15,0.37,0.44,Low
2017-06-07,6,7,2017,2013-2017,Whangaripo ,clay loam,Whangaripo clay loam,Ultic,Typic Yellow Ultic,Native,5.14,5.7,0.34,3.0,132.0,0.9,8.0,10.0,1.7,0.02,32.0,21.0,12.0,5.0,44.0,0.27,0.05,1.12,0.91,0.67,0.15,0.47,0.52,Low
2022-06-08,6,8,2022,2018-2023,Whangaripo ,clay loam,Whangaripo clay loam,Ultic,Typic Yellow Ultic,Native,4.78,8.6,0.46,5.0,143.0,0.72,21.0,25.0,3.0,0.05,29.0,13.0,7.0,8.0,24.0,0.48,0.13,1.02,0.57,0.39,0.24,0.25,0.44,Low
1996-07-01,7,1,1996,1995-2000,Ruakaka,loamy peat,Ruakaka loamy peat,Organic,Organic soil,Dairy,5.93,11.6,0.87,20.0,206.0,0.75,3.0,5.0,2.93,0.49,16.89,19.13,11.49,19.73,49.2,0.47,1.31,0.59,0.83,0.64,0.6,0.52,0.71,Low
2009-07-02,7,2,2009,2008-2012,Ruakaka ,loamy peat,Ruakaka loamy peat,Organic,Organic soil,Dairy,6.06,10.2,0.81,62.0,180.0,0.94,3.0,3.0,1.0,0.56,24.0,21.0,7.0,8.0,38.0,0.16,1.49,0.84,0.91,0.39,0.24,0.4,0.63,Low
2014-07-04,7,4,2014,2013-2017,Ruakaka ,loamy peat,Ruakaka loamy peat,Organic,Organic soil,Dairy,6.53,13.7,1.12,98.0,244.0,0.64,2.0,3.0,1.0,0.51,16.0,23.0,6.0,6.0,45.0,0.16,1.36,0.56,1.0,0.33,0.18,0.48,0.58,Low
2019-07-05,7,5,2019,2018-2023,Ruakaka ,loamy peat,Ruakaka loamy peat,Organic,Organic soil,Dairy,5.9,12.0,0.95,57.0,179.0,0.79,6.0,8.0,1.0,0.56,19.0,23.0,7.0,6.0,62.0,0.16,1.49,0.67,1.0,0.39,0.18,0.66,0.65,Low
1996-08-01,8,1,1996,1995-2000,Ruakaka ,loamy peat,Ruakaka loamy peat,Organic,Organic soil,Dairy,6.07,13.2,1.09,33.0,245.0,0.62,3.0,6.0,3.15,0.65,18.98,22.39,15.63,22.27,59.27,0.51,1.73,0.67,0.97,0.87,0.67,0.63,0.86,Low
2009-08-02,8,2,2009,2008-2012,Ruakaka ,loamy peat,Ruakaka loamy peat,Organic,Organic soil,Dairy,5.72,9.8,0.76,75.0,176.0,1.02,1.0,2.0,1.0,0.63,25.0,27.0,10.0,8.0,32.0,0.16,1.68,0.88,1.17,0.56,0.24,0.34,0.72,Low
2014-08-04,8,4,2014,2013-2017,Ruakaka ,loamy peat,Ruakaka loamy peat,Organic,Organic soil,Dairy,6.19,12.2,0.91,76.0,265.0,0.66,5.0,8.0,1.1,0.72,17.0,31.0,6.0,8.0,54.0,0.18,1.92,0.6,1.35,0.33,0.24,0.57,0.74,Low
2019-08-05,8,5,2019,2018-2023,Ruakaka ,loamy peat,Ruakaka loamy peat,Organic,Organic soil,Dairy,5.97,11.8,0.97,90.0,200.0,0.8,1.0,1.0,1.0,0.61,22.0,26.0,7.0,7.0,107.0,0.16,1.63,0.77,1.13,0.39,0.21,1.13,0.77,Low
1997-09-01,9,1,1997,1995-2000,Karaka ,silt loam,Karaka silt loam,Allophanic,Typic Orthic Allophanic,Dairy,6.19,7.1,0.64,46.0,162.0,0.95,14.0,16.0,4.61,0.49,16.32,20.09,9.62,19.13,47.11,0.74,1.31,0.57,0.87,0.54,0.58,0.5,0.73,Low
2009-09-02,9,2,2009,2008-2012,Karaka ,silt loam,Karaka silt loam,Allophanic,Typic Orthic Allophanic,Dairy,6.54,7.3,0.65,91.0,185.0,1.1,5.0,7.0,4.9,0.53,18.0,25.0,7.0,21.0,59.0,0.79,1.41,0.63,1.09,0.39,0.64,0.62,0.8,Low
2014-09-04,9,4,2014,2013-2017,Karaka ,silt loam,Karaka silt loam,Allophanic,Typic Orthic Allophanic,Dairy ,6.35,6.7,0.62,61.0,138.0,1.12,7.0,8.0,4.9,0.52,14.0,24.0,5.0,19.0,44.0,0.79,1.39,0.49,1.04,0.28,0.58,0.47,0.72,Low
1997-10-01,10,1,1997,1995-2000,Karaka ,silt loam,Karaka silt loam,Allophanic,Typic Orthic Allophanic,Outdoor vegetable ,6.58,6.5,0.56,22.0,85.0,0.86,15.0,20.0,4.48,0.42,14.24,15.03,9.94,16.46,36.76,0.72,1.12,0.5,0.65,0.55,0.5,0.39,0.63,Low
2008-10-02,10,2,2008,2008-2012,Karaka ,silt loam,Karaka silt loam,Allophanic,Typic Orthic Allophanic,Outdoor vegetable,6.88,4.4,0.35,44.0,26.0,0.9,20.0,24.0,5.9,0.47,14.0,18.0,8.0,21.0,44.0,0.95,1.25,0.49,0.78,0.45,0.64,0.47,0.72,Low
2013-10-03,10,3,2013,2013-2017,Karaka ,silt loam,Karaka silt loam,Allophanic,Typic Orthic Allophanic,Veg-Drystock ,6.41,3.6,0.3,70.0,51.0,1.09,9.0,12.0,6.1,0.42,15.0,16.0,8.0,19.0,44.0,0.98,1.12,0.53,0.7,0.45,0.58,0.47,0.69,Low
2023-10-05,10,5,2023,2018-2023,Karaka ,silt loam,Karaka silt loam,Allophanic,Typic Orthic Allophanic,Veg-Drystock ,5.76,5.3,0.48,26.0,104.0,0.93,5.0,8.0,5.8,0.35,14.0,18.0,8.0,19.0,47.0,0.94,0.93,0.49,0.78,0.45,0.58,0.5,0.67,Low
1997-11-01,11,1,1997,1995-2000,Patumahoe ,clay loam,Patumahoe clay loam,Granular,Typic Oxidic Granular,Native,5.35,7.6,0.49,4.0,137.0,0.82,19.0,21.0,4.46,0.19,13.64,12.76,6.78,14.97,35.01,0.72,0.51,0.48,0.55,0.38,0.45,0.37,0.49,Low
2012-11-02,11,2,2012,2008-2012,Patumahoe ,clay loam,Patumahoe clay loam,Granular,Typic Oxidic Granular ,Native,6.0,7.0,0.5,4.0,169.0,0.87,9.0,11.0,4.2,0.06,14.0,13.0,3.0,23.0,34.0,0.68,0.16,0.49,0.57,0.17,0.7,0.36,0.45,Low
2017-11-07,11,7,2017,2013-2017,Patumahoe ,clay loam,Patumahoe clay loam,Granular,Typic Oxidic Granular ,Native,5.58,5.7,0.42,5.0,127.0,0.9,8.0,11.0,9.5,0.07,21.0,15.0,3.0,47.0,35.0,1.53,0.19,0.74,0.65,0.17,1.42,0.37,0.72,Low
2022-11-08,11,8,2022,2018-2023,Patumahoe ,clay loam,Patumahoe clay loam,Granular,Typic Oxidic Granular,Native,5.87,6.8,0.5,4.0,170.0,0.93,13.0,15.0,6.2,0.05,18.0,12.0,5.0,24.0,43.0,1.0,0.13,0.63,0.52,0.28,0.73,0.46,0.54,Low
1997-12-01,12,1,1997,1995-2000,Patumahoe ,clay loam,Patumahoe clay loam,Granular,Typic Oxidic Granular,Dairy,6.91,6.9,0.65,58.0,267.0,0.96,8.0,10.0,4.41,0.49,20.56,24.59,16.11,25.03,63.09,0.71,1.31,0.72,1.07,0.9,0.76,0.67,0.88,Low
2009-12-02,12,2,2009,2008-2012,Patumahoe ,clay loam,Patumahoe clay loam,Granular,Typic Oxidic Granular,Dairy-Lifestyle,6.33,7.2,0.66,130.0,256.0,0.93,6.0,9.0,7.7,0.42,23.0,39.0,10.0,130.0,150.0,1.24,1.12,0.81,1.7,0.56,3.94,1.59,1.57,Moderate
2014-12-04,12,4,2014,2013-2017,Patumahoe ,clay loam,Patumahoe clay loam,Granular,Typic Oxidic Granular,Dairy-Lifestyle ,5.9,7.3,0.61,11.0,189.0,0.99,7.0,10.0,5.4,0.35,16.0,13.0,5.0,18.0,27.0,0.87,0.93,0.56,0.57,0.28,0.55,0.29,0.58,Low
2019-12-05,12,5,2019,2018-2023,Patumahoe ,clay loam,Patumahoe clay loam,Granular,Typic Oxidic Granular,Dairy-Lifestyle ,5.71,6.9,0.59,14.0,132.0,0.84,20.0,22.0,7.0,0.42,21.0,17.0,8.0,20.0,42.0,1.13,1.12,0.74,0.74,0.45,0.61,0.44,0.75,Low
1998-14-01,14,1,1998,1995-2000,Karaka ,silt loam,Karaka silt loam,Allophanic,Typic Orthic Allophanic,Orchard,6.17,6.5,0.59,53.0,109.0,0.91,16.0,19.11,4.89,0.48,15.19,19.86,8.63,17.75,43.07,0.79,1.28,0.53,0.86,0.48,0.54,0.46,0.71,Low
2008-14-02,14,2,2008,2008-2012,Karaka ,silt loam,Karaka silt loam,Allophanic,Typic Orthic Allophanic,Orchard,6.31,5.7,0.49,150.0,108.0,1.03,6.0,8.0,5.5,0.39,13.0,13.0,5.0,25.0,67.0,0.89,1.04,0.46,0.57,0.28,0.76,0.71,0.67,Low
2013-14-03,14,3,2013,2013-2017,Karaka ,silt loam,Karaka silt loam,Allophanic,Typic Orthic Allophanic,Orchard-Lifestyle ,6.09,6.0,0.52,161.0,92.0,1.08,9.0,11.0,6.9,0.48,17.0,13.0,7.0,27.0,69.0,1.11,1.28,0.6,0.57,0.39,0.82,0.73,0.79,Low
2023-14-05,14,5,2023,2018-2023,Karaka ,silt loam,Karaka silt loam,Allophanic,Typic Orthic Allophanic,Orchard-Lifestyle ,5.99,5.7,0.51,129.0,107.0,0.98,5.0,7.0,6.3,0.4,14.0,13.0,7.0,41.0,70.0,1.02,1.07,0.49,0.57,0.39,1.24,0.74,0.79,Low
1998-17-01,17,1,1998,1995-2000,Warkworth ,clay loam,Warkworth clay loam,Ultic,Typic Yellow Ultic ,Native,4.83,4.8,0.24,4.0,96.0,1.18,7.0,10.01,3.37,-0.02,13.46,12.65,7.42,15.96,29.47,0.54,-0.05,0.47,0.55,0.41,0.48,0.31,0.39,Low
2012-17-02,17,2,2012,2008-2012,Warkworth ,clay loam,Warkworth clay loam,Ultic,Typic Yellow Ultic ,Native,5.5,4.5,0.29,4.0,99.0,1.05,4.0,5.0,1.9,0.03,22.0,21.0,5.0,6.0,23.0,0.31,0.08,0.77,0.91,0.28,0.18,0.24,0.4,Low
2017-17-03,17,3,2017,2013-2017,Warkworth ,clay loam,Warkworth clay loam,Ultic,Typic Yellow Ultic ,Native,5.34,5.1,0.3,5.0,111.0,1.0,3.0,4.0,1.6,0.05,13.0,8.0,2.0,8.0,16.0,0.26,0.13,0.46,0.35,0.11,0.24,0.17,0.25,Low
2022-17-04,17,4,2022,2018-2023,Warkworth ,clay loam,Warkworth clay loam,Ultic,Typic Yellow Ultic,Native,5.65,6.5,0.38,7.0,173.0,0.93,4.0,6.0,2.2,0.11,14.0,14.0,6.0,9.0,29.0,0.35,0.29,0.49,0.61,0.33,0.27,0.31,0.38,Low
1998-18-01,18,1,1998,1995-2000,Warkworth ,clay loam,Warkworth clay loam,Ultic,Typic Yellow Ultic ,Drystock,5.86,5.1,0.4,9.0,98.0,1.09,14.0,17.32,4.19,0.24,13.55,12.84,7.63,15.64,32.01,0.68,0.64,0.48,0.56,0.43,0.47,0.34,0.51,Low
2010-18-02,18,2,2010,2008-2012,Warkworth ,clay loam,Warkworth clay loam,Ultic,Typic Yellow Ultic ,Drystock,5.94,5.5,0.5,20.0,156.0,1.04,5.0,7.0,0.8,0.24,4.0,7.0,2.0,2.0,14.0,0.13,0.64,0.14,0.3,0.11,0.06,0.15,0.22,Low
2015-18-04,18,4,2015,2013-2017,Warkworth ,clay loam,Warkworth clay loam,Ultic,Typic Yellow Ultic ,Drystock,5.87,5.6,0.5,22.0,133.0,0.83,6.0,9.0,1.3,0.32,7.0,8.0,2.0,3.0,15.0,0.21,0.85,0.25,0.35,0.11,0.09,0.16,0.29,Low
2020-18-05,18,5,2020,2018-2023,Warkworth ,clay loam,Warkworth clay loam,Ultic,Typic Yellow Ultic,Drystock,5.65,5.8,0.51,25.0,156.0,0.94,14.0,15.0,1.0,0.45,11.0,12.0,2.0,3.0,31.0,0.16,1.2,0.39,0.52,0.11,0.09,0.33,0.4,Low
1998-19-01,19,1,1998,1995-2000,Warkworth ,clay loam,Warkworth clay loam,Ultic,Typic Yellow Ultic ,Native,5.17,5.9,0.34,4.0,117.0,0.86,13.0,16.52,4.0,0.04,13.95,12.72,8.73,16.06,33.53,0.65,0.11,0.49,0.55,0.49,0.49,0.35,0.45,Low
2012-19-02,19,2,2012,2008-2012,Warkworth ,clay loam,Warkworth clay loam,Ultic,Typic Yellow Ultic ,Native,4.9,6.2,0.37,2.0,161.0,0.84,9.0,10.0,1.2,0.02,21.0,10.0,3.0,5.0,16.0,0.19,0.05,0.74,0.43,0.17,0.15,0.17,0.27,Low
2017-19-07,19,7,2017,2013-2017,Warkworth ,clay loam,Warkworth clay loam,Ultic,Typic Yellow Ultic ,Native,4.76,5.7,0.3,2.0,108.0,0.9,7.0,8.0,1.6,0.02,27.0,13.0,4.0,6.0,19.0,0.26,0.05,0.95,0.57,0.22,0.18,0.2,0.35,Low
2022-19-08,19,8,2022,2018-2023,Warkworth ,clay loam,Warkworth clay loam,Ultic,Typic Yellow Ultic,Native,4.97,4.6,0.29,3.0,88.0,1.02,3.0,5.0,1.5,0.05,20.0,8.0,4.0,10.0,16.0,0.24,0.13,0.7,0.35,0.22,0.3,0.17,0.3,Low
1998-20-01,20,1,1998,1995-2000,Waitemata ,silt loam,Waitemata silt loam,Recent,Weathered Fluvial Recent,Orchard,6.38,6.1,0.42,97.0,65.0,1.03,8.0,9.96,4.49,0.44,15.26,26.32,5.82,18.79,44.74,0.72,1.17,0.54,1.14,0.32,0.57,0.47,0.7,Low
2008-20-02,20,2,2008,2008-2012,Waitemata ,silt loam,Waitemata silt loam,Recent,Weathered Fluvial Recent,Orchard,5.97,4.7,0.31,86.0,82.0,1.21,2.0,4.0,0.4,0.25,3.0,63.0,1.0,4.0,28.0,0.06,0.67,0.11,2.74,0.06,0.12,0.3,0.58,Low
2013-20-03,20,3,2013,2013-2017,Waitemata ,silt loam,Waitemata silt loam,Recent,Weathered Fluvial Recent,Orchard-Lifestyle ,6.2,12.6,0.79,64.0,140.0,0.76,11.0,12.0,2.2,0.47,9.0,120.0,4.0,14.0,61.0,0.35,1.25,0.32,5.22,0.22,0.42,0.65,1.2,Moderate
2023-20-05,20,5,2023,2018-2023,Waitemata ,silt loam,Waitemata silt loam,Recent,Weathered Fluvial Recent,Orchard-Lifestyle ,6.06,13.5,0.97,45.0,126.0,0.59,4.0,6.0,1.7,0.46,8.0,106.0,5.0,10.0,50.0,0.27,1.23,0.28,4.61,0.28,0.3,0.53,1.07,Moderate
1998-21-01,21,1,1998,1995-2000,Red Hill ,sand,Red Hill sand,Brown,Typic Sandy Brown,Drystock,5.55,6.6,0.67,21.0,175.0,1.01,6.0,8.9,3.56,0.42,16.58,17.33,11.86,19.86,44.23,0.57,1.12,0.58,0.75,0.66,0.6,0.47,0.68,Low
2010-21-02,21,2,2010,2008-2012,Red Hill ,sand,Red Hill sand,Brown,Typic Sandy Brown,Drystock,5.78,4.3,0.43,47.0,118.0,1.23,1.0,4.0,5.5,0.26,14.0,8.0,6.0,16.0,79.0,0.89,0.69,0.49,0.35,0.33,0.48,0.84,0.58,Low
2015-21-04,21,4,2015,2013-2017,Red Hill ,sand,Red Hill sand,Brown,Typic Sandy Brown,Drystock,5.32,4.3,0.45,39.0,155.0,1.02,3.0,7.0,6.7,0.31,16.0,10.0,7.0,9.0,51.0,1.08,0.83,0.56,0.43,0.39,0.27,0.54,0.59,Low
2020-21-05,21,5,2020,2018-2023,Red Hill ,sand,Red Hill sand,Brown,Typic Sandy Brown,Drystock,5.25,4.9,0.51,40.0,110.0,1.04,5.0,9.0,6.0,0.3,20.0,9.0,8.0,11.0,70.0,0.97,0.8,0.7,0.39,0.45,0.33,0.74,0.63,Low
1998-22-01,22,1,1998,1995-2000,Red Hill ,sand,Red Hill sand,Brown,Typic Sandy Brown,Forestry,5.27,5.3,0.49,22.0,79.0,0.76,35.0,40.12,6.56,0.27,13.03,12.46,8.61,13.64,34.7,1.06,0.72,0.46,0.54,0.48,0.41,0.37,0.58,Low
2011-22-02,22,2,2011,2008-2012,Red Hill ,sand,Red Hill sand,Brown,Typic Sandy Brown,Forestry,6.3,4.0,0.35,32.0,141.0,1.18,16.0,22.0,5.9,0.17,16.0,7.0,6.0,8.0,78.0,0.95,0.45,0.56,0.3,0.33,0.24,0.83,0.52,Low
2016-22-03,22,3,2016,2013-2017,Red Hill ,sand,Red Hill sand,Brown,Typic Sandy Brown,Forestry,6.37,4.1,0.36,32.0,83.0,0.91,28.0,37.0,6.2,0.18,16.0,7.0,6.0,9.0,66.0,1.0,0.48,0.56,0.3,0.33,0.27,0.7,0.52,Low
2021-22-04,22,4,2021,2018-2023,Red Hill ,sand,Red Hill sand,Brown,Typic Sandy Brown,Forestry,6.08,7.8,0.55,39.0,131.0,0.64,43.0,48.0,6.6,0.17,18.0,7.0,8.0,8.0,93.0,1.06,0.45,0.63,0.3,0.45,0.24,0.98,0.59,Low
1998-23-01,23,1,1998,1995-2000,Red Hill ,sand,Red Hill sand,Brown,Typic Sandy Brown,Forestry,4.9,11.0,0.76,76.0,89.0,0.91,18.0,20.58,4.97,0.48,14.67,23.75,6.94,16.36,46.2,0.8,1.28,0.51,1.03,0.39,0.5,0.49,0.71,Low
2011-23-02,23,2,2011,2008-2012,Red Hill ,sand,Red Hill sand,Brown,Typic Sandy Brown,Forestry,5.69,3.2,0.24,25.0,59.0,0.95,25.0,32.0,6.6,0.1,11.0,6.0,5.0,7.0,29.0,1.06,0.27,0.39,0.26,0.28,0.21,0.31,0.4,Low
2016-23-03,23,3,2016,2013-2017,Red Hill ,sand,Red Hill sand,Brown,Typic Sandy Brown,Forestry,5.89,3.9,0.28,10.0,68.0,1.0,21.0,29.0,6.3,0.12,14.0,6.0,4.0,5.0,28.0,1.02,0.32,0.49,0.26,0.22,0.15,0.3,0.39,Low
2021-23-04,23,4,2021,2018-2023,Red Hill ,sand,Red Hill sand,Brown,Typic Sandy Brown,Forestry,5.68,5.8,0.42,11.0,100.0,0.89,17.0,21.0,6.9,0.21,19.0,7.0,8.0,6.0,48.0,1.11,0.56,0.67,0.3,0.45,0.18,0.51,0.54,Low
1998-24-01,24,1,1998,1995-2000,Red Hill ,sand,Red Hill sand,Brown,Typic Sandy Brown,Forestry,5.53,9.4,0.86,14.0,170.0,0.64,23.0,27.0,5.1,0.5,15.56,15.14,11.88,16.98,45.2,0.82,1.33,0.55,0.66,0.66,0.51,0.48,0.72,Low
2011-24-02,24,2,2011,2008-2012,Red Hill ,sand,Red Hill sand,Brown,Typic Sandy Brown,Drystock,5.81,3.8,0.4,35.0,86.0,1.1,4.0,9.0,7.2,0.22,16.0,10.0,7.0,7.0,51.0,1.16,0.59,0.56,0.43,0.39,0.21,0.54,0.55,Low
2016-24-03,24,3,2016,2013-2017,Red Hill ,sand,Red Hill sand,Brown,Typic Sandy Brown,Drystock,5.52,4.3,0.46,44.0,130.0,1.11,7.0,10.0,5.4,0.4,14.0,9.0,6.0,6.0,43.0,0.87,1.07,0.49,0.39,0.33,0.18,0.46,0.54,Low
2021-24-04,24,4,2021,2018-2023,Red Hill,sand,Red Hill sand ,Brown,Typic Sandy Brown,Drystock,5.55,4.5,0.45,14.0,104.0,1.1,16.0,22.0,6.3,0.34,19.0,10.0,9.0,7.0,56.0,1.02,0.91,0.67,0.43,0.5,0.21,0.59,0.62,Low
1998-25-01,25,1,1998,1995-2000,Red Hill ,sand,Red Hill sand,Brown,Typic Sandy Brown,Dairy,5.46,7.1,0.65,15.0,106.0,1.0,7.0,9.63,3.38,0.44,13.85,15.01,7.24,16.24,34.04,0.55,1.17,0.49,0.65,0.4,0.49,0.36,0.59,Low
2009-25-02,25,2,2009,2008-2012,Red Hill ,sand,Red Hill sand,Brown,Typic Sandy Brown,Dairy-Drystock  ,5.71,4.5,0.45,72.0,113.0,1.15,4.0,9.0,5.9,0.46,17.0,11.0,7.0,7.0,53.0,0.95,1.23,0.6,0.48,0.39,0.21,0.56,0.63,Low
2014-25-04,25,4,2014,2013-2017,Red Hill ,sand,Red Hill sand,Brown,Typic Sandy Brown,Dairy-Drystock,5.45,4.0,0.43,55.0,160.0,1.07,2.0,5.0,5.4,0.42,14.0,9.0,5.0,6.0,43.0,0.87,1.12,0.49,0.39,0.28,0.18,0.46,0.54,Low
2019-25-04,25,4,2019,2018-2023,Red Hill ,sand,Red Hill sand,Brown,Typic Sandy Brown,Dairy-Drystock,5.56,4.7,0.49,55.0,149.0,1.19,7.0,12.0,6.0,0.53,17.0,10.0,7.0,6.0,56.0,0.97,1.41,0.6,0.43,0.39,0.18,0.59,0.65,Low
1998-27-01,27,1,1998,1995-2000,Waikare,clay,Waikare clay,Ultic,Perch-gley Albic Ultic,Drystock,5.64,8.5,0.77,14.0,214.0,0.64,11.0,14.39,3.98,0.4,17.38,16.98,13.98,20.24,49.35,0.64,1.07,0.61,0.74,0.78,0.61,0.52,0.71,Low
2010-27-02,27,2,2010,2008-2012,Waikare,clay,Waikare clay,Ultic,Perch-gley Albic Ultic,Drystock,6.3,9.2,0.9,34.0,271.0,0.73,6.0,9.0,1.8,0.51,5.0,15.0,5.0,7.0,32.0,0.29,1.36,0.18,0.65,0.28,0.21,0.34,0.47,Low
2015-27-04,27,4,2015,2013-2017,Waikare,clay,Waikare clay,Ultic,Perch-gley Albic Ultic,Drystock,6.06,8.1,0.77,40.0,218.0,0.7,6.0,10.0,7.6,0.39,5.0,20.0,15.0,35.0,32.0,1.23,1.04,0.18,0.87,0.84,1.06,0.34,0.79,Low
2020-27-05,27,5,2020,2018-2023,Waikare,clay,Waikare clay,Ultic,Perch-gley Albic Ultic,Drystock,6.05,8.3,0.81,32.0,224.0,0.81,3.0,6.0,2.0,0.4,6.0,15.0,6.0,13.0,27.0,0.32,1.07,0.21,0.65,0.33,0.39,0.29,0.47,Low
1998-28-01,28,1,1998,1995-2000,Waikare,clay,Waikare clay,Ultic,Perch-gley Albic Ultic,Dairy,6.13,7.6,0.65,21.0,185.0,0.94,12.0,15.13,4.17,0.4,16.71,17.18,12.33,19.5,46.69,0.67,1.07,0.59,0.75,0.69,0.59,0.49,0.69,Low
2009-28-02,28,2,2009,2008-2012,Waikare,clay,Waikare clay,Ultic,Perch-gley Albic Ultic,Dairy,6.28,7.1,0.62,40.0,153.0,1.04,4.0,6.0,0.9,0.45,5.0,5.0,2.0,4.0,12.0,0.15,1.2,0.18,0.22,0.11,0.12,0.13,0.3,Low
2014-28-04,28,4,2014,2013-2017,Waikare,clay,Waikare clay,Ultic,Perch-gley Albic Ultic,Dairy,6.39,4.6,0.37,9.0,71.0,0.99,5.0,9.0,0.5,0.24,3.0,3.0,2.0,3.0,5.0,0.08,0.64,0.11,0.13,0.11,0.09,0.05,0.17,Low
2019-28-05,28,5,2019,2018-2023,Waikare,clay,Waikare clay,Ultic,Perch-gley Albic Ultic,Dairy,6.02,4.5,0.37,10.0,87.0,1.12,5.0,8.0,1.0,0.22,2.0,3.0,1.0,1.0,2.0,0.16,0.59,0.07,0.13,0.06,0.03,0.02,0.15,Low
1998-30-01,30,1,1998,1995-2000,Whakapara ,silt loam,Whakapara silt loam,Recent,Weathered Fluvial Recent,Drystock,5.67,6.6,0.6,36.0,150.0,0.92,12.0,15.18,4.33,0.38,16.12,18.52,10.9,19.01,44.61,0.7,1.01,0.57,0.81,0.61,0.58,0.47,0.68,Low
2010-30-02,30,2,2010,2008-2012,Whakapara ,silt loam,Whakapara silt loam,Recent,Weathered Fluvial Recent,Drystock,5.88,3.9,0.37,36.0,145.0,1.12,4.0,6.0,1.1,0.23,12.0,9.0,4.0,4.0,33.0,0.18,0.61,0.42,0.39,0.22,0.12,0.35,0.33,Low
2015-30-04,30,4,2015,2013-2017,Whakapara ,silt loam,Whakapara silt loam,Recent,Weathered Fluvial Recent,Drystock,5.97,3.5,0.33,52.0,134.0,0.98,3.0,5.0,1.2,0.23,11.0,9.0,4.0,4.0,24.0,0.19,0.61,0.39,0.39,0.22,0.12,0.25,0.31,Low
2020-30-05,30,5,2020,2018-2023,Whakapara,silt loam,Whakapara silt loam,Recent,Weathered Fluvial Recent,Drystock,6.0,4.7,0.44,80.0,143.0,1.0,6.0,8.0,1.0,0.45,21.0,16.0,7.0,7.0,45.0,0.16,1.2,0.74,0.7,0.39,0.21,0.48,0.55,Low
1998-33-01,33,1,1998,1995-2000,Warkworth ,clay loam,Warkworth clay loam,Ultic,Typic Yellow Ultic ,Dairy,6.73,6.4,0.58,113.0,137.0,1.01,7.0,9.03,4.75,0.6,18.32,30.4,10.43,22.8,57.68,0.77,1.6,0.64,1.32,0.58,0.69,0.61,0.89,Low
2009-33-02,33,2,2009,2008-2012,Warkworth ,clay loam,Warkworth clay loam,Ultic,Typic Yellow Ultic ,Dairy-Drystock ,5.89,6.3,0.58,66.0,219.0,0.95,5.0,7.0,1.9,0.37,14.0,13.0,5.0,9.0,54.0,0.31,0.99,0.49,0.57,0.28,0.27,0.57,0.5,Low
2014-33-04,33,4,2014,2013-2017,Warkworth ,clay loam,Warkworth clay loam,Ultic,Typic Yellow Ultic ,Dairy-Drystock,6.25,5.8,0.57,79.0,198.0,0.74,4.0,8.0,2.4,0.52,13.0,19.0,7.0,8.0,68.0,0.39,1.39,0.46,0.83,0.39,0.24,0.72,0.63,Low
2019-33-05,33,5,2019,2018-2023,Warkworth ,clay loam,Warkworth clay loam,Ultic,Typic Yellow Ultic ,Dairy-Drystock,5.96,6.1,0.61,76.0,164.0,0.91,1.0,2.0,2.0,0.58,20.0,25.0,11.0,8.0,109.0,0.32,1.55,0.7,1.09,0.61,0.24,1.15,0.81,Low
1998-35-01,35,1,1998,1995-2000,Whangaripo ,clay loam,Whangaripo clay loam,Ultic,Typic Yellow Ultic ,Dairy,6.07,5.3,0.5,60.0,134.0,0.95,14.0,17.22,4.91,0.39,16.5,21.37,10.66,19.76,47.16,0.79,1.04,0.58,0.93,0.59,0.6,0.5,0.72,Low
2009-35-02,35,2,2009,2008-2012,Whangaripo ,clay loam,Whangaripo clay loam,Ultic,Typic Yellow Ultic ,Dairy-Drystock ,6.16,6.5,0.6,52.0,180.0,0.98,4.0,6.0,1.8,0.46,13.0,8.0,3.0,4.0,31.0,0.29,1.23,0.46,0.35,0.17,0.12,0.33,0.42,Low
2014-35-04,35,4,2014,2013-2017,Whangaripo ,clay loam,Whangaripo clay loam,Ultic,Typic Yellow Ultic ,Dairy-Drystock,6.0,6.7,0.53,37.0,139.0,1.04,2.0,3.0,2.0,0.38,12.0,8.0,3.0,3.0,26.0,0.32,1.01,0.42,0.35,0.17,0.09,0.28,0.38,Low
2019-35-05,35,5,2019,2018-2023,Whangaripo ,clay loam,Whangaripo clay loam,Ultic,Typic Yellow Ultic ,Dairy-Drystock,5.92,5.7,0.46,33.0,109.0,1.06,3.0,5.0,3.0,0.51,22.0,15.0,5.0,5.0,33.0,0.48,1.36,0.77,0.65,0.28,0.15,0.35,0.58,Low
1998-37-01,37,1,1998,1995-2000,Waitemata ,silt loam,Waitemata silt loam,Recent,Weathered Fluvial Recent,Outdoor vegetable,5.34,3.8,0.31,112.0,40.0,1.0,22.0,25.5,6.28,0.31,15.05,26.26,6.94,17.99,45.21,1.01,0.83,0.53,1.14,0.39,0.55,0.48,0.7,Low
2008-37-02,37,2,2008,2008-2012,Waitemata ,silt loam,Waitemata silt loam,Recent,Weathered Fluvial Recent,Outdoor vegetable,7.2,5.2,0.36,44.0,72.0,1.21,2.0,4.0,3.1,0.35,11.0,20.0,3.0,15.0,21.0,0.5,0.93,0.39,0.87,0.17,0.45,0.22,0.5,Low
2013-37-03,37,3,2013,2013-2017,Waitemata ,silt loam,Waitemata silt loam,Recent,Weathered Fluvial Recent,Veg-Lifestyle ,6.22,5.0,0.37,32.0,93.0,1.21,2.0,3.0,8.9,0.35,17.0,26.0,7.0,21.0,28.0,1.44,0.93,0.6,1.13,0.39,0.64,0.3,0.78,Low
2023-37-05,37,5,2023,2018-2023,Waitemata ,silt loam,Waitemata silt loam,Recent,Weathered Fluvial Recent,Veg-Lifestyle ,6.04,6.0,0.49,27.0,95.0,0.87,5.0,7.0,8.3,0.3,14.0,20.0,5.0,20.0,29.0,1.34,0.8,0.49,0.87,0.28,0.61,0.31,0.67,Low
1999-38-01,38,1,1999,1995-2000,Matekawau ,clay loam,Matekawau clay loam,Allophanic,Typic Orthic Allophanic,Dairy,6.33,7.4,0.67,32.0,135.0,0.92,3.0,5.05,4.8,0.74,19.0,11.0,6.0,14.0,40.0,0.77,1.97,0.67,0.48,0.33,0.42,0.42,0.72,Low
2009-38-02,38,2,2009,2008-2012,Matekawau ,clay loam,Matekawau clay loam,Allophanic,Typic Orthic Allophanic,Dairy,6.37,6.2,0.54,44.0,135.0,1.13,2.0,4.0,5.3,0.91,22.0,14.0,8.0,22.0,44.0,0.85,2.43,0.77,0.61,0.45,0.67,0.47,0.89,Low
2014-38-04,38,4,2014,2013-2017,Matekawau ,clay loam,Matekawau clay loam,Allophanic,Typic Orthic Allophanic,Dairy,5.84,5.9,0.54,31.0,128.0,1.15,0.5,1.0,6.7,0.5,21.0,13.0,6.0,21.0,38.0,1.08,1.33,0.74,0.57,0.33,0.64,0.4,0.73,Low
2019-38-05,38,5,2019,2018-2023,Matekawau ,clay loam,Matekawau clay loam,Allophanic,Typic Orthic Allophanic,Dairy,6.21,5.8,0.51,27.0,107.0,1.03,1.0,3.0,7.0,0.63,23.0,18.0,10.0,28.0,52.0,1.13,1.68,0.81,0.78,0.56,0.85,0.55,0.91,Low
1999-39-01,39,1,1999,1995-2000,Matekawau,clay loam,Matekawau hill soils clay loam,Allophanic,Typic Orthic Allophanic,Native,5.93,8.3,0.48,3.0,138.0,0.68,31.0,35.9,7.9,0.11,16.0,11.0,8.0,26.0,75.0,1.27,0.29,0.56,0.48,0.45,0.79,0.79,0.66,Low
2012-39-02,39,2,2012,2008-2012,Matekawau,clay loam,Matekawau hill soils clay loam,Allophanic,Typic Orthic Allophanic ,Native,5.9,6.3,0.35,3.0,151.0,0.76,18.0,22.0,3.3,0.09,7.0,4.0,3.0,10.0,43.0,0.53,0.24,0.25,0.17,0.17,0.3,0.46,0.3,Low
2017-39-07,39,7,2017,2013-2017,Matekawau,clay loam,Matekawau hill soils clay loam,Allophanic,Typic Orthic Allophanic,Native,5.75,7.6,0.43,3.0,122.0,0.9,18.0,20.0,4.5,0.07,9.0,5.0,3.0,10.0,32.0,0.73,0.19,0.32,0.22,0.17,0.3,0.34,0.32,Low
2022-39-08,39,8,2022,2018-2023,Matekawau,clay loam,Matekawau hill soils clay loam,Allophanic,Typic Orthic Allophanic,Native,5.9,4.3,0.21,2.0,92.0,1.19,14.0,17.0,3.0,0.05,8.0,3.0,3.0,7.0,33.0,0.48,0.13,0.28,0.13,0.17,0.21,0.35,0.25,Low
1999-40-01,40,1,1999,1995-2000,Red Hill,sandy loam,Red Hill sandy loam,Brown,Typic Orthic Brown Soil,Native,5.56,9.4,0.45,3.0,165.0,0.65,31.0,35.16,4.8,0.11,16.0,7.0,6.0,13.0,36.0,0.77,0.29,0.56,0.3,0.33,0.39,0.38,0.43,Low
2012-40-02,40,2,2012,2008-2012,Red Hill ,sandy loam,Red Hill sandy loam,Brown,Typic Orthic Brown Soil ,Native,5.8,9.6,0.49,2.0,141.0,0.56,26.0,29.0,3.2,0.06,10.0,7.0,4.0,11.0,25.0,0.52,0.16,0.35,0.3,0.22,0.33,0.26,0.31,Low
2017-40-03,40,3,2017,2013-2017,Red Hill ,sandy loam,Red Hill sandy loam,Brown,Typic Orthic Brown Soil ,Native,5.52,8.7,0.46,3.0,161.0,0.7,17.0,20.0,4.8,0.05,13.0,7.0,4.0,11.0,29.0,0.77,0.13,0.46,0.3,0.22,0.33,0.31,0.36,Low
2022-40-04,40,4,2022,2018-2023,Red Hill,sandy loam,Red Hill sandy loam,Brown,Typic Orthic Brown Soil,Native,5.72,9.8,0.48,3.0,154.0,0.77,21.0,23.0,4.5,0.05,12.0,7.0,5.0,12.0,46.0,0.73,0.13,0.42,0.3,0.28,0.36,0.49,0.39,Low
1999-41-01,41,1,1999,1995-2000,Ardmore ,peaty loam,Ardmore peaty loam,Organic,Mellow Humic Organic,Orchard,6.82,16.1,1.34,78.0,171.0,0.45,8.0,8.75,4.5,1.3,23.0,21.0,6.0,14.0,49.0,0.73,3.47,0.81,0.91,0.33,0.42,0.52,1.03,Moderate
2008-41-02,41,2,2008,2008-2012,Ardmore ,peaty loam,Ardmore peaty loam,Organic,Mellow Humic Organic,Orchard,6.51,15.4,1.21,52.0,139.0,0.62,6.0,3.0,4.3,1.6,20.0,25.0,7.0,18.0,88.0,0.69,4.27,0.7,1.09,0.39,0.55,0.93,1.23,Moderate
2013-41-03,41,3,2013,2013-2017,Ardmore ,peaty loam,Ardmore peaty loam,Organic,Mellow Humic Organic,Orchard,6.79,15.3,1.29,122.0,165.0,0.54,9.0,11.0,5.0,2.0,28.0,38.0,10.0,16.0,160.0,0.81,5.33,0.98,1.65,0.56,0.48,1.69,1.64,Moderate
2023-41-05,41,5,2023,2018-2023,Ardmore ,peaty loam,Ardmore peaty loam,Organic,Mellow Humic Organic,Orchard,6.44,15.6,1.29,119.0,171.0,0.6,5.0,7.0,6.9,1.61,26.0,41.0,6.0,15.0,199.0,1.11,4.29,0.91,1.78,0.33,0.45,2.11,1.57,Moderate
1999-42-01,42,1,1999,1995-2000,Ardmore ,peaty loam,Ardmore peaty loam,Organic,Mellow Humic Organic,Dairy,5.75,24.1,1.57,66.0,197.0,0.64,6.0,6.43,2.8,0.63,11.0,22.0,4.0,13.0,57.0,0.45,1.68,0.39,0.96,0.22,0.39,0.6,0.67,Low
2009-42-02,42,2,2009,2008-2012,Ardmore ,peaty loam,Ardmore peaty loam,Organic,Mellow Humic Organic,Dairy-Horse stud,6.0,23.0,1.81,87.0,381.0,0.6,3.0,7.0,2.2,0.96,13.0,32.0,6.0,13.0,60.0,0.35,2.56,0.46,1.39,0.33,0.39,0.63,0.87,Low
2014-42-04,42,4,2014,2013-2017,Ardmore ,peaty loam,Ardmore peaty loam,Organic,Mellow Humic Organic,Dairy-Horse Stud,5.65,23.8,1.84,77.0,309.0,0.59,1.0,3.0,2.6,0.89,11.0,30.0,4.0,12.0,49.0,0.42,2.37,0.39,1.3,0.22,0.36,0.52,0.8,Low
2019-42-05,42,5,2019,2018-2023,Ardmore ,peaty loam,Ardmore peaty loam,Organic,Mellow Humic Organic,Dairy-Horse Stud,5.41,22.5,1.77,58.0,242.0,0.6,2.0,5.0,2.5,1.0,16.0,40.0,7.0,16.0,60.0,0.4,2.67,0.56,1.74,0.39,0.48,0.63,0.98,Low
1999-43-01,43,1,1999,1995-2000,Ardmore ,loamy peat,Ardmore loamy peat,Organic,Mellow Humic Organic,Dairy,5.91,23.8,1.7,60.0,245.0,0.58,4.0,3.91,2.2,1.1,14.0,27.0,4.0,10.0,40.0,0.35,2.93,0.49,1.17,0.22,0.3,0.42,0.84,Low
2009-43-02,43,2,2009,2008-2012,Ardmore ,loamy peat,Ardmore loamy peat,Organic,Mellow Humic Organic,Dairy-Horse stud,5.91,18.1,1.57,76.0,313.0,0.66,2.0,5.0,3.0,1.0,14.0,29.0,5.0,19.0,64.0,0.48,2.67,0.49,1.26,0.28,0.58,0.68,0.92,Low
2014-43-04,43,4,2014,2013-2017,Ardmore ,loamy peat,Ardmore loamy peat,Organic,Mellow Humic Organic,Dairy-Horse stud,5.72,18.4,1.57,72.0,301.0,0.58,8.0,10.0,3.0,0.93,13.0,22.0,4.0,15.0,48.0,0.48,2.48,0.46,0.96,0.22,0.45,0.51,0.79,Low
2019-43-05,43,5,2019,2018-2023,Ardmore ,loamy peat,Ardmore loamy peat,Organic,Mellow Humic Organic,Dairy-Horse stud,5.69,17.9,1.5,48.0,212.0,0.59,7.0,9.0,3.0,0.97,17.0,26.0,6.0,20.0,71.0,0.48,2.59,0.6,1.13,0.33,0.61,0.75,0.93,Low
1999-45-01,45,1,1999,1995-2000,Ararimu ,clay,Ararimu clay,Granular,Typic Orthic Granular,Native,4.13,13.0,0.64,40.0,97.0,0.88,12.0,14.46,3.4,0.05,5.0,7.0,2.0,18.0,18.0,0.55,0.13,0.18,0.3,0.11,0.55,0.19,0.29,Low
2012-45-02,45,2,2012,2008-2012,Ararimu ,clay,Ararimu clay,Granular,Typic Orthic Granular,Native,4.4,10.4,0.55,3.0,84.0,0.64,25.0,27.0,3.9,0.04,5.0,5.0,1.0,16.0,13.0,0.63,0.11,0.18,0.22,0.06,0.48,0.14,0.26,Low
2017-45-07,45,7,2017,2013-2017,Ararimu ,clay,Ararimu clay,Granular,Typic Orthic Granular,Native,4.18,7.8,0.41,4.0,51.0,0.8,18.0,20.0,5.0,0.03,5.0,4.0,1.0,17.0,13.0,0.81,0.08,0.18,0.17,0.06,0.52,0.14,0.28,Low
2022-45-08,45,8,2022,2018-2023,Ararimu ,clay,Ararimu clay,Granular,Typic Orthic Granular,Native,4.3,9.1,0.49,3.0,91.0,0.75,23.0,26.0,4.5,0.05,7.0,5.0,3.0,16.0,18.0,0.73,0.13,0.25,0.22,0.17,0.48,0.19,0.31,Low
1999-46-01,46,1,1999,1995-2000,Ararimu ,clay,Ararimu clay,Granular,Typic Orthic Granular,Drystock,5.76,7.5,0.62,53.0,167.0,0.95,6.0,8.46,4.4,0.34,9.0,12.0,3.0,62.0,39.0,0.71,0.91,0.32,0.52,0.17,1.88,0.41,0.7,Low
2010-46-02,46,2,2010,2008-2012,Ararimu ,clay,Ararimu clay,Granular,Typic Orthic Granular,Dairy,5.74,8.2,0.73,87.0,243.0,0.95,5.0,7.0,6.1,0.53,10.0,18.0,3.0,28.0,76.0,0.98,1.41,0.35,0.78,0.17,0.85,0.8,0.76,Low
2015-46-04,46,4,2015,2013-2017,Ararimu ,clay,Ararimu clay,Granular,Typic Orthic Granular,Drystock,5.59,8.4,0.77,89.0,163.0,0.91,5.0,8.0,6.4,0.53,10.0,20.0,3.0,63.0,95.0,1.03,1.41,0.35,0.87,0.17,1.91,1.01,0.96,Low
2020-46-05,46,5,2020,2018-2023,Ararimu ,clay,Ararimu clay,Granular,Typic Orthic Granular,Drystock,5.37,8.1,0.73,81.0,160.0,0.84,14.0,16.0,5.0,0.42,10.0,15.0,4.0,30.0,69.0,0.81,1.12,0.35,0.65,0.22,0.91,0.73,0.68,Low
1999-47-01,47,1,1999,1995-2000,Ararimu ,clay loam,Ararimu clay loam,Granular,Typic Orthic Granular,Dairy,6.12,7.0,0.59,16.0,165.0,0.92,6.0,8.83,3.2,0.61,6.0,5.0,3.0,15.0,21.0,0.52,1.63,0.21,0.22,0.17,0.45,0.22,0.49,Low
2009-47-02,47,2,2009,2008-2012,Ararimu ,clay loam,Ararimu clay loam,Granular,Typic Orthic Granular,Dairy-Drystock  ,5.85,6.0,0.56,75.0,205.0,1.02,1.0,3.0,2.2,0.69,7.0,5.0,3.0,13.0,27.0,0.35,1.84,0.25,0.22,0.17,0.39,0.29,0.5,Low
2014-47-04,47,4,2014,2013-2017,Ararimu ,clay loam,Ararimu clay loam,Granular,Typic Orthic Granular,Dairy-Drystock,5.79,7.8,0.72,58.0,212.0,0.98,6.0,8.0,3.1,0.77,8.0,6.0,3.0,15.0,28.0,0.5,2.05,0.28,0.26,0.17,0.45,0.3,0.57,Low
2019-47-05,47,5,2019,2018-2023,Ararimu ,clay loam,Ararimu clay loam,Granular ,Typic Orthic Granular,Dairy-Drystock,5.64,7.1,0.67,46.0,154.0,0.92,4.0,6.0,5.0,1.16,13.0,8.0,6.0,19.0,43.0,0.81,3.09,0.46,0.35,0.33,0.58,0.46,0.87,Low
1999-48-01,48,1,1999,1995-2000,Marua ,clay loam,Marua clay loam,Brown,Typic Orthic Brown,Drystock,5.52,4.5,0.33,50.0,108.0,1.06,6.0,8.72,1.7,0.44,6.0,7.0,2.0,5.0,18.0,0.27,1.17,0.21,0.3,0.11,0.15,0.19,0.34,Low
2010-48-02,48,2,2010,2008-2012,Marua ,clay loam,Marua clay loam,Brown,Typic Orthic Brown,Drystock,5.5,4.8,0.39,18.0,128.0,1.13,6.0,9.0,1.3,0.36,5.0,6.0,2.0,5.0,13.0,0.21,0.96,0.18,0.26,0.11,0.15,0.14,0.29,Low
2015-48-04,48,4,2015,2013-2017,Marua ,clay loam,Marua clay loam,Brown,Typic Orthic Brown,Drystock,5.51,4.5,0.37,20.0,105.0,1.04,6.0,9.0,2.1,0.37,6.0,5.0,2.0,5.0,16.0,0.34,0.99,0.21,0.22,0.11,0.15,0.17,0.31,Low
2020-48-05,48,5,2020,2018-2023,Marua,clay loam,Marua clay loam,Brown,Typic Orthic Brown,Drystock,5.29,4.5,0.38,16.0,118.0,1.03,10.0,12.0,2.0,0.31,7.0,6.0,1.0,9.0,21.0,0.32,0.83,0.25,0.26,0.06,0.27,0.22,0.32,Low
1999-49-01,49,1,1999,1995-2000,Marua ,clay loam,Marua clay loam,Brown,Typic Orthic Brown,Native,6.26,5.9,0.41,12.0,109.0,1.06,13.0,16.85,4.4,0.17,7.0,14.0,8.0,27.0,70.0,0.71,0.45,0.25,0.61,0.45,0.82,0.74,0.58,Low
2012-49-02,49,2,2012,2008-2012,Marua ,clay loam,Marua clay loam,Brown,Typic Orthic Brown,Native,6.5,4.7,0.33,25.0,116.0,0.97,11.0,13.0,4.6,0.19,11.0,19.0,4.0,20.0,51.0,0.74,0.51,0.39,0.83,0.22,0.61,0.54,0.55,Low
2017-49-07,49,7,2017,2013-2017,Marua ,clay loam,Marua clay loam,Brown,Typic Orthic Brown,Native,6.33,4.5,0.33,11.0,110.0,0.9,9.0,11.0,6.0,0.16,10.0,20.0,6.0,20.0,57.0,0.97,0.43,0.35,0.87,0.33,0.61,0.6,0.59,Low
2022-49-08,49,8,2022,2018-2023,Marua ,clay loam,Marua clay loam,Brown,Typic Orthic Brown,Native,6.28,4.4,0.33,14.0,115.0,1.13,9.0,11.0,4.9,0.21,11.0,18.0,5.0,20.0,64.0,0.79,0.56,0.39,0.78,0.28,0.61,0.68,0.58,Low
1999-50-01,50,1,1999,1995-2000,Pinaki ,sand,Pinaki sand,Recent,Typic Sandy Recent,Drystock,6.1,4.3,0.35,18.0,91.0,0.88,22.0,26.43,5.1,0.12,7.0,5.0,3.0,2.0,23.0,0.82,0.32,0.25,0.22,0.17,0.06,0.24,0.3,Low
2010-50-02,50,2,2010,2008-2012,Pinaki ,sand,Pinaki sand,Recent,Typic Sandy Recent,Drystock,6.01,4.7,0.42,15.0,115.0,1.08,12.0,23.0,4.6,0.1,8.0,4.0,4.0,3.0,34.0,0.74,0.27,0.28,0.17,0.22,0.09,0.36,0.3,Low
2015-50-04,50,4,2015,2013-2017,Pinaki ,sand,Pinaki sand,Recent,Typic Sandy Recent,Drystock ,5.82,3.5,0.33,17.0,79.0,1.27,3.0,10.0,5.4,0.13,8.0,5.0,4.0,3.0,24.0,0.87,0.35,0.28,0.22,0.22,0.09,0.25,0.33,Low
2020-50-05,50,5,2020,2018-2023,Pinaki ,sand,Pinaki sand,Recent,Typic Sandy Recent,Drystock,5.59,3.8,0.35,23.0,70.0,1.21,12.0,18.0,5.0,0.12,10.0,4.0,6.0,3.0,28.0,0.81,0.32,0.35,0.17,0.33,0.09,0.3,0.34,Low
1999-51-01,51,1,1999,1995-2000,Pinaki ,sand,Pinaki sand,Recent,Typic Sandy Recent,Drystock,5.49,2.9,0.21,15.0,44.0,1.17,15.0,19.09,5.3,0.03,7.0,3.0,4.0,2.0,20.0,0.85,0.08,0.25,0.13,0.22,0.06,0.21,0.26,Low
2010-51-02,51,2,2010,2008-2012,Pinaki ,sand,Pinaki sand,Recent,Typic Sandy Recent,Drystock,5.46,4.3,0.35,35.0,97.0,0.99,16.0,27.0,5.5,0.05,8.0,5.0,4.0,4.0,34.0,0.89,0.13,0.28,0.22,0.22,0.12,0.36,0.32,Low
2015-51-04,51,4,2015,2013-2017,Pinaki ,sand,Pinaki sand,Recent,Typic Sandy Recent,Drystock,5.55,3.7,0.32,18.0,73.0,1.02,12.0,19.0,5.6,0.05,8.0,5.0,4.0,10.0,26.0,0.9,0.13,0.28,0.22,0.22,0.3,0.28,0.33,Low
2020-51-05,51,5,2020,2018-2023,Pinaki ,sand,Pinaki sand,Recent,Typic Sandy Recent,Drystock,5.12,3.9,0.31,26.0,71.0,1.09,16.0,24.0,5.0,0.05,9.0,4.0,4.0,5.0,35.0,0.81,0.13,0.32,0.17,0.22,0.15,0.37,0.31,Low
1999-52-01,52,1,1999,1995-2000,Pinaki ,sand,Pinaki sand,Recent,Typic Sandy Recent,Native,5.31,3.9,0.2,5.0,64.0,0.99,27.0,31.74,5.0,0.02,8.0,3.0,4.0,2.0,20.0,0.81,0.05,0.28,0.13,0.22,0.06,0.21,0.25,Low
2012-52-02,52,2,2012,2008-2012,Pinaki ,sand,Pinaki sand,Recent,Typic Sandy Recent,Native,5.8,2.9,0.19,12.0,57.0,0.98,29.0,38.0,5.8,0.02,8.0,2.0,4.0,2.0,20.0,0.94,0.05,0.28,0.09,0.22,0.06,0.21,0.26,Low
2017-52-07,52,7,2017,2013-2017,Pinaki ,sand,Pinaki sand,Recent,Typic Sandy Recent,Native,5.5,2.4,0.17,12.0,56.0,1.2,21.0,31.0,6.9,0.02,8.0,3.0,4.0,3.0,23.0,1.11,0.05,0.28,0.13,0.22,0.09,0.24,0.3,Low
2022-52-08,52,8,2022,2018-2023,Pinaki ,sand,Pinaki sand,Recent,Typic Sandy Recent,Native,5.56,3.2,0.2,14.0,50.0,1.15,21.0,32.0,6.4,0.05,10.0,3.0,5.0,3.0,27.0,1.03,0.13,0.35,0.13,0.28,0.09,0.29,0.33,Low
1999-53-01,53,1,1999,1995-2000,Aponga ,clay,Aponga clay,Ultic,Mottled Yellow Ultic,Dairy,6.02,8.7,0.68,17.0,204.0,0.84,13.0,16.21,2.0,0.42,5.0,11.0,3.0,8.0,25.0,0.32,1.12,0.18,0.48,0.17,0.24,0.26,0.4,Low
2009-53-02,53,2,2009,2008-2012,Aponga ,clay,Aponga clay,Ultic,Mottled Yellow Ultic,Dairy-Drystock ,6.35,13.9,1.21,119.0,529.0,0.53,9.0,11.0,3.0,0.42,8.0,17.0,5.0,6.0,51.0,0.48,1.12,0.28,0.74,0.28,0.18,0.54,0.52,Low
2014-53-04,53,4,2014,2013-2017,Aponga ,clay,Aponga clay,Ultic,Mottled Yellow Ultic,Dairy-Drystock,6.46,10.7,0.94,55.0,344.0,0.53,3.0,7.0,2.6,0.56,8.0,15.0,6.0,6.0,28.0,0.42,1.49,0.28,0.65,0.33,0.18,0.3,0.52,Low
2019-53-05,53,5,2019,2018-2023,Aponga ,clay,Aponga clay,Ultic,Mottled Yellow Ultic,Dairy-Drystock,6.07,10.2,0.92,53.0,316.0,0.69,3.0,5.0,6.0,0.48,15.0,18.0,7.0,12.0,41.0,0.97,1.28,0.53,0.78,0.39,0.36,0.43,0.68,Low
1999-55-01,55,1,1999,1995-2000,Aponga ,clay,Aponga clay,Ultic,Mottled Yellow Ultic,Dairy,5.55,10.6,0.88,12.0,350.0,0.62,6.0,9.18,2.2,0.49,8.0,12.0,5.0,7.0,31.0,0.35,1.31,0.28,0.52,0.28,0.21,0.33,0.47,Low
2009-55-02,55,2,2009,2008-2012,Aponga ,clay,Aponga clay,Ultic,Mottled Yellow Ultic,Dairy-Drystock ,6.28,8.2,0.71,24.0,226.0,0.9,3.0,5.0,2.2,0.42,7.0,12.0,5.0,8.0,17.0,0.35,1.12,0.25,0.52,0.28,0.24,0.18,0.42,Low
2014-55-04,55,4,2014,2013-2017,Aponga ,clay,Aponga clay,Ultic,Mottled Yellow Ultic,Dairy-Drystock,6.45,10.3,0.93,30.0,362.0,0.58,3.0,6.0,2.5,0.59,8.0,12.0,5.0,9.0,19.0,0.4,1.57,0.28,0.52,0.28,0.27,0.2,0.5,Low
2019-55-05,55,5,2019,2018-2023,Aponga ,clay,Aponga clay,Ultic,Mottled Yellow Ultic,Dairy-Drystock,6.41,9.8,0.88,37.0,320.0,0.66,4.0,6.0,3.0,1.16,11.0,14.0,7.0,10.0,30.0,0.48,3.09,0.39,0.61,0.39,0.3,0.32,0.8,Low
1999-56-01,56,1,1999,1995-2000,Cornwallis ,clay,Cornwallis clay,Granular,Typic Orthic Granular,Native,6.55,11.7,0.66,10.0,235.0,0.71,15.0,17.17,2.7,0.18,24.0,14.0,6.0,15.0,43.0,0.44,0.48,0.84,0.61,0.33,0.45,0.46,0.52,Low
2012-56-02,56,2,2012,2008-2012,Cornwallis ,clay,Cornwallis clay,Granular,Typic Orthic Granular,Native,6.2,9.2,0.54,12.0,198.0,0.68,19.0,21.0,3.0,0.15,13.0,29.0,6.0,9.0,45.0,0.48,0.4,0.46,1.26,0.33,0.27,0.48,0.53,Low
2017-56-07,56,7,2017,2013-2017,Cornwallis ,clay,Cornwallis clay,Granular,Typic Orthic Granular,Native,5.88,6.3,0.41,7.0,130.0,0.8,10.0,13.0,4.4,0.09,10.0,11.0,6.0,10.0,34.0,0.71,0.24,0.35,0.48,0.33,0.3,0.36,0.4,Low
2022-56-08,56,8,2022,2018-2023,Cornwallis ,clay,Cornwallis clay,Granular,Typic Orthic Granular,Native,6.32,10.6,0.55,11.0,189.0,0.64,22.0,27.0,3.5,0.18,25.0,12.0,6.0,11.0,32.0,0.56,0.48,0.88,0.52,0.33,0.33,0.34,0.49,Low
1999-57-01,57,1,1999,1995-2000,Parau ,clay loam,Parau clay loam,Granular,Typic Orthic Granular,Native,5.44,9.3,0.4,1.0,110.0,0.83,5.0,6.38,2.6,0.06,32.0,17.0,9.0,11.0,47.0,0.42,0.16,1.12,0.74,0.5,0.33,0.5,0.54,Low
2012-57-02,57,2,2012,2008-2012,Parau ,clay loam,Parau clay loam,Granular,Typic Orthic Granular,Native,5.7,11.5,0.57,7.0,234.0,0.74,12.0,10.0,2.5,0.07,31.0,13.0,11.0,13.0,48.0,0.4,0.19,1.09,0.57,0.61,0.39,0.51,0.54,Low
2017-57-03,57,3,2017,2013-2017,Parau ,clay loam,Parau clay loam,Granular,Typic Orthic Granular ,Native,5.54,5.5,0.33,4.0,118.0,0.9,8.0,11.0,1.3,0.06,25.0,12.0,11.0,10.0,42.0,0.21,0.16,0.88,0.52,0.61,0.3,0.44,0.45,Low
2022-57-04,57,4,2022,2018-2023,Parau ,clay loam,Parau clay loam,Granular,Typic Orthic Granular,Native,6.01,8.6,0.44,5.0,182.0,0.81,12.0,14.0,2.9,0.05,33.0,14.0,12.0,13.0,52.0,0.47,0.13,1.16,0.61,0.67,0.39,0.55,0.57,Low
1999-58-01,58,1,1999,1995-2000,Pinaki ,sand,Pinaki sand,Recent,Typic Sandy Recent,Forestry,5.72,4.2,0.26,5.0,62.0,0.89,28.0,32.9,5.8,0.02,7.0,3.0,3.0,3.0,22.0,0.94,0.05,0.25,0.13,0.17,0.09,0.23,0.27,Low
2011-58-02,58,2,2011,2008-2012,Pinaki ,sand,Pinaki sand,Recent,Typic Sandy Recent,Forestry,5.66,1.8,0.06,5.0,19.0,1.48,30.0,39.0,8.6,0.01,7.0,3.0,4.0,2.0,19.0,1.39,0.03,0.25,0.13,0.22,0.06,0.2,0.33,Low
2016-58-03,58,3,2016,2013-2017,Pinaki ,sand,Pinaki sand,Recent,Typic Sandy Recent,Forestry,5.58,1.3,0.05,9.0,18.0,1.29,31.0,38.0,9.1,0.09,5.0,2.0,3.0,2.0,15.0,1.47,0.24,0.18,0.09,0.17,0.06,0.16,0.34,Low
2021-58-04,58,4,2021,2018-2023,Pinaki ,sand,Pinaki sand,Recent,Typic Sandy Recent,Forestry,5.59,2.5,0.13,6.0,32.0,1.19,38.0,45.0,9.9,0.05,6.0,4.0,3.0,2.0,20.0,1.6,0.13,0.21,0.17,0.17,0.06,0.21,0.36,Low
1999-60-01,60,1,1999,1995-2000,Pinaki ,sand,Pinaki sand,Recent,Typic Sandy Recent,Forestry,5.89,0.9,0.04,6.0,9.0,1.02,43.0,49.15,7.5,0.0,6.0,2.0,3.0,2.0,16.0,1.21,0.0,0.21,0.09,0.17,0.06,0.17,0.27,Low
2011-60-02,60,2,2011,2008-2012,Pinaki ,sand,Pinaki sand,Recent,Typic Sandy Recent,Forestry,5.18,1.6,0.05,15.0,12.0,1.52,30.0,37.0,7.3,0.01,9.0,3.0,5.0,2.0,23.0,1.18,0.03,0.32,0.13,0.28,0.06,0.24,0.32,Low
2016-60-03,60,3,2016,2013-2017,Pinaki ,sand,Pinaki sand,Recent,Typic Sandy Recent,Forestry,4.96,1.6,0.06,15.0,10.0,1.56,29.0,36.0,6.8,0.09,6.0,2.0,4.0,3.0,20.0,1.1,0.24,0.21,0.09,0.22,0.09,0.21,0.31,Low
2021-60-04,60,4,2021,2018-2023,Pinaki ,sand,Pinaki sand,Recent,Typic Sandy Recent,Forestry,4.89,2.9,0.09,15.0,20.0,0.51,48.0,52.0,8.1,0.05,9.0,3.0,5.0,3.0,24.0,1.31,0.13,0.32,0.13,0.28,0.09,0.25,0.36,Low
1999-61-01,61,1,1999,1995-2000,Parau   ,clay,Parau clay  ,Granular,Typic Orthic Granular,Drystock,5.46,7.4,0.6,9.0,171.0,1.0,3.0,5.21,2.2,0.29,16.0,7.0,3.0,6.0,17.0,0.35,0.77,0.56,0.3,0.17,0.18,0.18,0.36,Low
2010-61-02,61,2,2010,2008-2012,Parau   ,clay,Parau clay  ,Granular,Typic Orthic Granular,Drystock-Lifestyle,5.96,9.2,0.82,19.0,266.0,0.98,4.0,6.0,2.4,0.45,12.0,8.0,2.0,6.0,22.0,0.39,1.2,0.42,0.35,0.11,0.18,0.23,0.41,Low
2015-61-04,61,4,2015,2013-2017,Parau   ,clay,Parau clay  ,Granular,Typic Orthic Granular,Drystock-Lifestyle,5.69,6.1,0.55,12.0,186.0,0.88,3.0,6.0,2.4,0.4,10.0,6.0,2.0,6.0,15.0,0.39,1.07,0.35,0.26,0.11,0.18,0.16,0.36,Low
2020-61-05,61,5,2020,2018-2023,Parau,clay,Parau clay,Granular,Typic Orthic Granular,Drystock-Lifestyle,5.49,5.9,0.53,15.0,153.0,1.01,8.0,11.0,2.0,0.38,13.0,6.0,2.0,5.0,23.0,0.32,1.01,0.46,0.26,0.11,0.15,0.24,0.36,Low
1999-62-01,62,1,1999,1995-2000,Otao ,silt loam,Otao silt loam,Allophanic,Typic Orthic Allophanic,Dairy,5.68,6.1,0.54,22.0,56.0,1.08,2.0,4.42,4.9,0.55,10.0,7.0,3.0,13.0,26.0,0.79,1.47,0.35,0.3,0.17,0.39,0.28,0.54,Low
2009-62-02,62,2,2009,2008-2012,Otao ,silt loam,Otao silt loam,Allophanic,Typic Orthic Allophanic,Dairy,6.14,4.5,0.39,58.0,107.0,1.26,2.0,2.0,0.9,0.42,5.0,4.0,2.0,5.0,16.0,0.15,1.12,0.18,0.17,0.11,0.15,0.17,0.29,Low
2014-62-04,62,4,2014,2013-2017,Otao  ,silt loam,Otao silt loam ,Allophanic,Typic Orthic Allophanic,Dairy,5.97,5.3,0.45,39.0,111.0,1.08,4.0,6.0,4.4,0.36,8.0,5.0,3.0,11.0,26.0,0.71,0.96,0.28,0.22,0.17,0.33,0.28,0.42,Low
2019-62-05,62,5,2019,2018-2023,Otao  ,silt loam,Otao silt loam ,Allophanic,Typic Orthic Allophanic,Dairy,6.34,5.9,0.48,47.0,97.0,1.11,6.0,8.0,5.0,0.51,10.0,8.0,5.0,13.0,40.0,0.81,1.36,0.35,0.35,0.28,0.39,0.42,0.57,Low
2000-63-01,63,1,2000,1995-2000,Karaka ,silt loam,Karaka silt loam,Allophanic,Typic Orthic Allophanic,Drystock,6.59,7.5,0.64,30.0,204.0,0.77,14.0,18.0,21.0,0.6,22.0,24.0,7.0,36.0,59.0,3.39,1.6,0.77,1.04,0.39,1.09,0.62,1.27,Moderate
2010-63-02,63,2,2010,2008-2012,Karaka ,silt loam,Karaka silt loam,Allophanic,Typic Orthic Allophanic,Drystock-Lifestyle,5.85,8.9,0.82,23.0,206.0,0.81,9.0,13.0,5.4,0.74,13.0,13.0,8.0,18.0,33.0,0.87,1.97,0.46,0.57,0.45,0.55,0.35,0.75,Low
2015-63-04,63,4,2015,2013-2017,Karaka ,silt loam,Karaka silt loam,Allophanic,Typic Orthic Allophanic,Drystock-Lifestyle,5.83,8.4,0.76,20.0,130.0,0.76,4.0,7.0,5.6,0.73,13.0,13.0,7.0,18.0,34.0,0.9,1.95,0.46,0.57,0.39,0.55,0.36,0.74,Low
2020-63-05,63,5,2020,2018-2023,Karaka ,silt loam,Karaka silt loam,Allophanic,Typic Orthic Allophanic,Drystock-Lifestyle,5.59,8.6,0.8,21.0,159.0,0.83,13.0,16.0,6.0,0.8,17.0,13.0,10.0,21.0,42.0,0.97,2.13,0.6,0.57,0.56,0.64,0.44,0.84,Low
2000-64-01,64,1,2000,1995-2000,Karaka ,silt loam,Karaka silt loam,Allophanic,Typic Orthic Allophanic,Dairy,6.85,7.9,0.72,86.0,246.0,0.86,12.0,10.0,4.9,0.67,13.0,12.0,6.0,16.0,54.0,0.79,1.79,0.46,0.52,0.33,0.48,0.57,0.71,Low
2009-64-02,64,2,2009,2008-2012,Karaka ,silt loam,Karaka silt loam,Allophanic,Typic Orthic Allophanic,Dairy,6.28,7.9,0.75,96.0,200.0,0.96,3.0,6.0,4.8,0.69,13.0,18.0,5.0,18.0,54.0,0.77,1.84,0.46,0.78,0.28,0.55,0.57,0.75,Low
2014-64-04,64,4,2014,2013-2017,Karaka ,silt loam,Karaka silt loam,Allophanic,Typic Orthic Allophanic,Dairy,6.37,7.2,0.69,79.0,155.0,1.0,0.5,2.0,5.1,0.59,12.0,13.0,5.0,17.0,43.0,0.82,1.57,0.42,0.57,0.28,0.52,0.46,0.66,Low
2019-64-05,64,5,2019,2018-2023,Karaka ,silt loam,Karaka silt loam,Allophanic,Typic Orthic Allophanic,Dairy,6.15,6.7,0.64,69.0,130.0,1.04,3.0,5.0,5.0,0.69,15.0,18.0,6.0,17.0,64.0,0.81,1.84,0.53,0.78,0.33,0.52,0.68,0.78,Low
2000-65-01,65,1,2000,1995-2000,Karaka ,silt loam,Karaka silt loam,Allophanic,Typic Orthic Allophanic,Orchard,6.57,6.1,0.47,63.0,139.0,0.96,18.0,19.0,4.4,0.67,14.0,13.0,4.0,19.0,28.0,0.71,1.79,0.49,0.57,0.22,0.58,0.3,0.67,Low
2008-65-02,65,2,2008,2008-2012,Karaka ,silt loam,Karaka silt loam,Allophanic,Typic Orthic Allophanic,Orchard,6.81,5.8,0.47,61.0,72.0,1.07,7.0,9.0,5.4,0.75,15.0,16.0,6.0,20.0,37.0,0.87,2.0,0.53,0.7,0.33,0.61,0.39,0.78,Low
2013-65-03,65,3,2013,2013-2017,Karaka ,silt loam,Karaka silt loam,Allophanic,Typic Orthic Allophanic,Orchard,6.53,5.3,0.43,84.0,50.0,0.97,21.0,23.0,7.0,0.77,21.0,17.0,8.0,20.0,46.0,1.13,2.05,0.74,0.74,0.45,0.61,0.49,0.89,Low
2023-65-05,65,5,2023,2018-2023,Karaka ,silt loam,Karaka silt loam,Allophanic,Typic Orthic Allophanic,Orchard,6.64,7.3,0.58,58.0,174.0,0.93,6.0,9.0,6.5,0.58,13.0,15.0,5.0,18.0,41.0,1.05,1.55,0.46,0.65,0.28,0.55,0.43,0.71,Low
2000-66-01,66,1,2000,1995-2000,Matakawau ,sandy loam,Matakawau sandy loam,Allophanic,Typic Orthic Allophanic,Dairy,6.0,8.1,0.71,7.0,203.0,0.86,8.0,13.0,4.7,0.77,14.0,12.0,5.0,12.0,51.0,0.76,2.05,0.49,0.52,0.28,0.36,0.54,0.71,Low
2009-66-02,66,2,2009,2008-2012,Matakawau ,sandy loam,Matakawau sandy loam,Allophanic,Typic Orthic Allophanic,Dairy-Lifestyle,5.95,8.5,0.77,12.0,218.0,0.93,4.0,7.0,5.1,0.66,17.0,28.0,5.0,14.0,58.0,0.82,1.76,0.6,1.22,0.28,0.42,0.61,0.82,Low
2014-66-04,66,4,2014,2013-2017,Matakawau ,sandy loam,Matakawau sandy loam,Allophanic,Typic Orthic Allophanic,Dairy-Lifestyle ,5.96,8.4,0.78,10.0,210.0,0.91,8.0,12.0,5.7,0.58,14.0,22.0,5.0,13.0,44.0,0.92,1.55,0.49,0.96,0.28,0.39,0.47,0.72,Low
2019-66-05,66,5,2019,2018-2023,Matakawau ,sandy loam,Matakawau sandy loam,Allophanic,Typic Orthic Allophanic,Dairy-Lifestyle ,5.99,8.7,0.78,8.0,172.0,0.86,13.0,16.0,6.0,0.62,17.0,24.0,6.0,13.0,57.0,0.97,1.65,0.6,1.04,0.33,0.39,0.6,0.8,Low
2000-67-01,67,1,2000,1995-2000,Matakawau,sandy clay loam,Matakawau sandy clay loam,Allophanic,Typic Orthic Allophanic,Orchard,6.24,4.8,0.38,14.0,162.0,1.16,14.0,16.0,2.6,0.23,9.0,20.0,2.0,10.0,21.0,0.42,0.61,0.32,0.87,0.11,0.3,0.22,0.41,Low
2008-67-02,67,2,2008,2008-2012,Matakawau,sandy clay loam,Matakawau sandy clay loam,Allophanic,Typic Orthic Allophanic,Orchard,6.68,4.8,0.41,42.0,115.0,1.07,15.0,18.0,4.4,0.38,13.0,23.0,3.0,19.0,55.0,0.71,1.01,0.46,1.0,0.17,0.58,0.58,0.64,Low
2013-67-03,67,3,2013,2013-2017,Matakawau,sandy clay loam,Matakawau sandy clay loam,Allophanic,Typic Orthic Allophanic,Orchard,5.45,4.9,0.42,13.0,124.0,0.92,20.0,22.0,6.1,0.28,16.0,8.0,5.0,18.0,29.0,0.98,0.75,0.56,0.35,0.28,0.55,0.31,0.54,Low
2023-67-05,67,5,2023,2018-2023,Matakawau,sandy clay loam,Matakawau sandy clay loam,Allophanic,Typic Orthic Allophanic,Orchard,5.95,4.9,0.43,50.0,76.0,0.97,10.0,13.0,4.9,0.27,12.0,17.0,2.8,12.0,50.0,0.79,0.72,0.42,0.74,0.16,0.36,0.53,0.53,Low
2000-68-01,68,1,2000,1995-2000,Matakawau ,sandy loam,Matakawau sandy loam,Allophanic,Typic Orthic Allophanic,Outdoor vegetable,5.76,5.8,0.46,72.0,78.0,1.16,0.0,1.0,5.1,0.67,19.0,12.0,5.0,13.0,51.0,0.82,1.79,0.67,0.52,0.28,0.39,0.54,0.72,Low
2008-68-02,68,2,2008,2008-2012,Matakawau ,sandy loam,Matakawau sandy loam,Allophanic,Typic Orthic Allophanic,Outdoor vegetable,6.09,7.6,0.65,29.0,135.0,0.98,4.0,8.0,6.3,0.66,18.0,10.0,5.0,11.0,47.0,1.02,1.76,0.63,0.43,0.28,0.33,0.5,0.71,Low
2013-68-03,68,3,2013,2013-2017,Matakawau ,sandy loam,Matakawau sandy loam,Allophanic,Typic Orthic Allophanic,Veg-Drystock ,5.95,7.1,0.66,53.0,127.0,0.93,5.0,8.0,7.2,0.74,22.0,15.0,7.0,12.0,72.0,1.16,1.97,0.77,0.65,0.39,0.36,0.76,0.87,Low
2023-68-05,68,5,2023,2018-2023,Matakawau,sandy loam,Matakawau sandy loam,Allophanic,Typic Orthic Allophanic,Veg-Drystock ,6.2,8.4,0.8,57.0,154.0,0.8,4.0,6.0,7.8,0.77,21.0,16.0,6.0,14.0,70.0,1.26,2.05,0.74,0.7,0.33,0.42,0.74,0.89,Low
2000-69-01,69,1,2000,1995-2000,Patumahoe ,silt loam,Patumahoe silt loam,Granular,Typic Orthic Granular,Drystock,6.05,8.1,0.73,12.0,271.0,0.84,12.0,14.0,5.1,0.47,16.0,13.0,6.0,17.0,38.0,0.82,1.25,0.56,0.57,0.33,0.52,0.4,0.64,Low
2010-69-02,69,2,2010,2008-2012,Patumahoe ,silt loam,Patumahoe silt loam,Granular,Typic Orthic Granular,Drystock-Lifestyle,6.04,8.7,0.8,12.0,266.0,0.86,8.0,11.0,6.4,0.45,18.0,13.0,6.0,21.0,43.0,1.03,1.2,0.63,0.57,0.33,0.64,0.46,0.69,Low
2015-69-04,69,4,2015,2013-2017,Patumahoe ,silt loam,Patumahoe silt loam,Granular,Typic Orthic Granular,Drystock-Lifestyle,5.84,6.5,0.64,12.0,157.0,0.8,9.0,12.0,8.0,0.44,21.0,12.0,4.0,26.0,37.0,1.29,1.17,0.74,0.52,0.22,0.79,0.39,0.73,Low
2000-70-01,70,1,2000,1995-2000,Patumahoe ,silt loam,Patumahoe silt loam,Granular,Typic Orthic Granular,Outdoor vegetable,6.36,5.6,0.46,18.0,145.0,0.83,25.0,26.0,4.2,0.47,16.0,14.0,4.0,23.0,30.0,0.68,1.25,0.56,0.61,0.22,0.7,0.32,0.62,Low
2008-70-02,70,2,2008,2008-2012,Patumahoe ,silt loam,Patumahoe silt loam,Granular,Typic Orthic Granular,Outdoor vegetable,7.02,5.1,0.45,21.0,91.0,1.06,13.0,15.0,6.1,0.55,18.0,18.0,6.0,31.0,45.0,0.98,1.47,0.63,0.78,0.33,0.94,0.48,0.8,Low
2013-70-03,70,3,2013,2013-2017,Patumahoe ,silt loam,Patumahoe silt loam,Granular,Typic Orthic Granular,Outdoor vegetable,7.2,4.1,0.38,48.0,48.0,0.98,21.0,22.0,7.5,0.47,24.0,25.0,10.0,27.0,53.0,1.21,1.25,0.84,1.09,0.56,0.82,0.56,0.9,Low
2023-70-05,70,5,2023,2018-2023,Patumahoe ,silt loam,Patumahoe silt loam,Granular,Typic Orthic Granular,Outdoor vegetable,7.3,3.6,0.33,102.0,22.0,1.19,9.0,11.0,8.2,0.4,25.0,24.0,10.0,29.0,61.0,1.32,1.07,0.88,1.04,0.56,0.88,0.65,0.91,Low
2000-71-01,71,1,2000,1995-2000,Ardmore,humic loam,Ardmore humic loam,Organic,Mellow Humic Organic,Nursery,6.4,19.9,0.8,30.0,59.0,0.74,11.0,5.0,2.9,0.5,14.0,21.0,3.0,11.0,25.0,0.47,1.33,0.49,0.91,0.17,0.33,0.26,0.57,Low
2008-71-02,71,2,2008,2008-2012,Ardmore,humic loam,Ardmore humic loam,Organic,Mellow Humic Organic,Nursery,6.41,20.0,0.82,27.0,63.0,0.63,7.0,8.0,2.5,0.53,16.0,22.0,4.0,12.0,27.0,0.4,1.41,0.56,0.96,0.22,0.36,0.29,0.6,Low
2013-71-03,71,3,2013,2013-2017,Ardmore,humic loam,Ardmore humic loam,Organic,Mellow Humic Organic,Nursery,6.2,14.5,0.68,27.0,165.0,0.65,14.0,18.0,4.6,0.37,18.0,27.0,5.0,14.0,37.0,0.74,0.99,0.63,1.17,0.28,0.42,0.39,0.66,Low
2023-71-05,71,5,2023,2018-2023,Ardmore,humic loam,Ardmore humic loam,Organic,Mellow Humic Organic,Nursery,5.97,20.8,0.99,149.0,101.0,0.56,14.0,17.0,3.0,0.38,16.0,32.0,6.0,11.0,64.0,0.48,1.01,0.56,1.39,0.33,0.33,0.68,0.68,Low
2000-72-01,72,1,2000,1995-2000,Marua ,clay,Marua clay,Brown,Acidic Orthic Brown,Forestry,5.08,4.7,0.19,5.0,56.0,1.05,18.0,19.0,3.8,0.03,6.0,11.0,1.0,15.0,19.0,0.61,0.08,0.21,0.48,0.06,0.45,0.2,0.3,Low
2011-72-02,72,2,2011,2008-2012,Marua ,clay,Marua clay,Brown,Acidic Orthic Brown,Forestry,5.32,3.0,0.18,4.0,97.0,1.1,6.0,8.0,5.2,0.03,20.0,15.0,8.0,23.0,23.0,0.84,0.08,0.7,0.65,0.45,0.7,0.24,0.52,Low
2016-72-03,72,3,2016,2013-2017,Marua ,clay,Marua clay,Brown,Acidic Orthic Brown,Forestry,5.51,3.3,0.22,5.0,91.0,1.03,8.0,10.0,4.0,0.09,7.0,11.0,2.0,20.0,20.0,0.65,0.24,0.25,0.48,0.11,0.61,0.21,0.36,Low
2021-72-04,72,4,2021,2018-2023,Marua ,clay,Marua clay,Brown,Acidic Orthic Brown,Forestry,5.62,4.3,0.27,5.0,115.0,1.14,7.0,10.0,4.9,0.05,9.0,12.0,4.0,24.0,35.0,0.79,0.13,0.32,0.52,0.22,0.73,0.37,0.44,Low
2000-73-01,73,1,2000,1995-2000,Kaipara ,clay,Kaipara clay,Gley,Typic Orthic Gley,Dairy,5.9,6.7,0.54,71.0,240.0,1.02,4.0,4.0,5.6,0.38,11.0,11.0,5.0,8.0,36.0,0.9,1.01,0.39,0.48,0.28,0.24,0.38,0.53,Low
2009-73-02,73,2,2009,2008-2012,Kaipara ,clay,Kaipara clay,Gley,Typic Orthic Gley,Dairy-Drystock ,6.25,7.1,0.66,75.0,195.0,0.95,4.0,6.0,7.0,0.39,11.0,12.0,5.0,8.0,34.0,1.13,1.04,0.39,0.52,0.28,0.24,0.36,0.57,Low
2014-73-04,73,4,2014,2013-2017,Kaipara ,clay,Kaipara clay,Gley,Typic Orthic Gley,Dairy-Drystock,5.88,6.7,0.64,63.0,215.0,0.86,8.0,10.0,7.1,0.36,10.0,11.0,4.0,7.0,31.0,1.15,0.96,0.35,0.48,0.22,0.21,0.33,0.53,Low
2019-73-05,73,5,2019,2018-2023,Kaipara ,clay,Kaipara clay,Gley,Typic Orthic Gley,Dairy-Drystock,5.54,6.2,0.6,45.0,140.0,0.85,5.0,7.0,9.0,0.38,16.0,12.0,6.0,9.0,43.0,1.45,1.01,0.56,0.52,0.33,0.27,0.46,0.66,Low
2000-74-01,74,1,2000,1995-2000,Kaipara ,clay,Kaipara clay,Gley,Typic Orthic Gley,Drystock,5.5,6.6,0.56,42.0,251.0,0.84,10.0,12.0,7.6,0.36,10.0,13.0,5.0,8.0,32.0,1.23,0.96,0.35,0.57,0.28,0.24,0.34,0.57,Low
2010-74-02,74,2,2010,2008-2012,Kaipara ,clay,Kaipara clay,Gley,Typic Orthic Gley,Drystock,5.55,8.0,0.75,34.0,333.0,0.93,1.0,5.0,5.9,0.35,11.0,14.0,5.0,8.0,36.0,0.95,0.93,0.39,0.61,0.28,0.24,0.38,0.54,Low
2015-74-04,74,4,2015,2013-2017,Kaipara ,clay,Kaipara clay,Gley,Typic Orthic Gley,Drystock,5.62,6.8,0.64,29.0,191.0,0.67,5.0,9.0,7.0,0.38,11.0,13.0,6.0,8.0,38.0,1.13,1.01,0.39,0.57,0.33,0.24,0.4,0.58,Low
2020-74-05,74,5,2020,2018-2023,Kaipara ,clay,Kaipara clay,Gley,Typic Orthic Gley,Drystock,5.16,6.5,0.62,38.0,182.0,0.76,4.0,7.0,6.0,0.27,16.0,14.0,6.0,8.0,40.0,0.97,0.72,0.56,0.61,0.33,0.24,0.42,0.55,Low
2000-75-01,75,1,2000,1995-2000,Waitemata complex ,silt loam,Waitemata complex silt loam,Granular,Typic Orthic Granular,Dairy,6.03,7.0,0.58,72.0,194.0,1.03,7.0,8.0,3.8,0.65,13.0,11.0,4.0,12.0,41.0,0.61,1.73,0.46,0.48,0.22,0.36,0.43,0.61,Low
2009-75-02,75,2,2009,2008-2012,Waitemata complex ,silt loam,Waitemata complex silt loam,Granular,Typic Orthic Granular,Dairy-Drystock  ,5.83,7.3,0.66,90.0,200.0,1.06,4.0,6.0,4.6,0.7,15.0,12.0,4.0,17.0,58.0,0.74,1.87,0.53,0.52,0.22,0.52,0.61,0.72,Low
2014-75-04,75,4,2014,2013-2017,Waitemata complex ,silt loam,Waitemata complex silt loam,Granular,Typic Orthic Granular,Dairy-Lifestyle ,5.83,6.7,0.63,50.0,156.0,1.03,2.0,4.0,5.2,0.57,14.0,12.0,3.0,15.0,26.0,0.84,1.52,0.49,0.52,0.17,0.45,0.28,0.61,Low
2000-76-01,76,1,2000,1995-2000,Waitemata complex,silt loam,Waitemata complex silt loam,Gley,Typic Orthic Gley,Drystock,5.99,6.2,0.49,86.0,231.0,1.0,9.0,12.0,0.8,0.84,6.0,6.0,3.0,4.0,27.0,0.13,2.24,0.21,0.26,0.17,0.12,0.29,0.49,Low
2010-76-02,76,2,2010,2008-2012,Waitemata complex,silt loam,Waitemata complex silt loam,Gley,Typic Orthic Gley,Drystock,5.83,7.0,0.63,82.0,173.0,1.03,3.0,5.0,1.3,0.89,6.0,4.0,3.0,6.0,13.0,0.21,2.37,0.21,0.17,0.17,0.18,0.14,0.49,Low
2015-76-04,76,4,2015,2013-2017,Waitemata complex,silt loam,Waitemata complex silt loam,Gley,Typic Orthic Gley,Drystock,5.72,4.9,0.46,70.0,116.0,0.91,4.0,6.0,0.7,0.74,5.0,3.0,2.0,4.0,11.0,0.11,1.97,0.18,0.13,0.11,0.12,0.12,0.39,Low
2020-76-05,76,5,2020,2018-2023,Waitemata comples,silt loam,Waitemata complex silt loam,Gley,Typic Orthic Gley,Drystock,6.01,4.8,0.45,58.0,107.0,1.09,4.0,6.0,1.0,0.69,5.0,4.0,2.0,4.0,12.0,0.16,1.84,0.18,0.17,0.11,0.12,0.13,0.39,Low
2000-77-01,77,1,2000,1995-2000,Waitemata complex,silt loam,Waitemata complex silt loam,Gley,Typic Orthic Gley,Dairy,6.02,5.8,0.47,7.0,226.0,0.98,7.0,10.0,0.9,0.33,6.0,22.0,3.0,5.0,14.0,0.15,0.88,0.21,0.96,0.17,0.15,0.15,0.38,Low
2009-77-02,77,2,2009,2008-2012,Waitemata complex,silt loam,Waitemata complex silt loam,Gley,Typic Orthic Gley,Dairy-Lifestyle,5.85,5.9,0.53,15.0,172.0,1.0,5.0,8.0,0.7,0.25,4.0,18.0,2.0,10.0,17.0,0.11,0.67,0.14,0.78,0.11,0.3,0.18,0.33,Low
2014-77-04,77,4,2014,2013-2017,Waitemata complex,silt loam,Waitemata complex silt loam,Gley,Typic Orthic Gley,Dairy-Lifestyle ,5.84,5.5,0.49,12.0,163.0,0.93,4.0,9.0,0.7,0.22,3.0,12.0,2.0,4.0,11.0,0.11,0.59,0.11,0.52,0.11,0.12,0.12,0.24,Low
2019-77-05,77,5,2019,2018-2023,Waitemata complex,silt loam,Waitemata complex silt loam,Gley,Typic Orthic Gley,Dairy-Lifestyle ,5.74,4.8,0.45,10.0,111.0,1.16,2.0,3.0,1.0,0.21,4.0,13.0,1.0,4.0,13.0,0.16,0.56,0.14,0.57,0.06,0.12,0.14,0.25,Low
2000-78-01,78,1,2000,1995-2000,Warkworth ,clay loam,Warkworth clay loam,Ultic,Typic Yellow Ultic,Drystock,6.38,5.4,0.45,16.0,244.0,0.85,10.0,13.0,1.0,0.43,16.0,12.0,2.0,5.0,20.0,0.16,1.15,0.56,0.52,0.11,0.15,0.21,0.41,Low
2010-78-02,78,2,2010,2008-2012,Warkworth ,clay loam,Warkworth clay loam,Ultic,Typic Yellow Ultic,Drystock-Lifestyle,6.08,5.0,0.36,21.0,130.0,1.16,4.0,11.0,1.4,0.19,11.0,7.0,2.0,7.0,14.0,0.23,0.51,0.39,0.3,0.11,0.21,0.15,0.27,Low
2015-78-04,78,4,2015,2013-2017,Warkworth ,clay loam,Warkworth clay loam,Ultic,Typic Yellow Ultic,Drystock-Lifestyle,5.95,4.0,0.39,22.0,102.0,1.07,2.0,4.0,1.8,0.29,19.0,10.0,4.0,11.0,32.0,0.29,0.77,0.67,0.43,0.22,0.33,0.34,0.44,Low
2020-78-05,78,5,2020,2018-2023,Warkworth ,clay loam,Warkworth clay loam,Ultic,Typic Yellow Ultic,Drystock-Lifestyle,6.43,3.9,0.39,18.0,97.0,1.13,1.0,2.0,1.0,0.26,20.0,11.0,4.0,10.0,33.0,0.16,0.69,0.7,0.48,0.22,0.3,0.35,0.41,Low
2000-79-01,79,1,2000,1995-2000,Warkworth ,clay loam,Warkworth clay loam,Ultic,Typic Yellow Ultic,Outdoor vegetable,6.33,3.9,0.28,17.0,153.0,0.99,2.0,4.0,1.3,0.2,22.0,11.0,3.0,7.0,38.0,0.21,0.53,0.77,0.48,0.17,0.21,0.4,0.4,Low
2008-79-02,79,2,2008,2008-2012,Warkworth ,clay loam,Warkworth clay loam,Ultic,Typic Yellow Ultic,Outdoor vegetable,6.2,4.6,0.32,15.0,102.0,1.02,3.0,5.0,1.2,0.17,23.0,10.0,4.0,7.0,34.0,0.19,0.45,0.81,0.43,0.22,0.21,0.36,0.38,Low
2013-79-03,79,3,2013,2013-2017,Warkworth ,clay loam,Warkworth clay loam,Ultic,Typic Yellow Ultic,Veg-Lifestyle ,6.34,3.5,0.3,40.0,73.0,1.08,6.0,7.0,3.1,0.19,22.0,7.0,4.0,10.0,30.0,0.5,0.51,0.77,0.3,0.22,0.3,0.32,0.42,Low
2023-79-05,79,5,2023,2018-2023,Warkworth ,clay loam,Warkworth clay loam,Ultic,Typic Yellow Ultic,Veg-Lifestyle ,6.47,3.7,0.33,28.0,77.0,1.16,3.0,6.0,2.6,0.16,19.0,7.0,3.0,10.0,29.0,0.42,0.43,0.67,0.3,0.17,0.3,0.31,0.37,Low
2000-80-01,80,1,2000,1995-2000,Warkworth ,clay loam,Warkworth clay loam,Ultic,Typic Yellow Ultic,Viticulture,5.84,4.9,0.4,16.0,158.0,0.97,17.0,19.0,0.8,0.37,13.0,9.0,1.0,3.0,12.0,0.13,0.99,0.46,0.39,0.06,0.09,0.13,0.32,Low
2008-80-02,80,2,2008,2008-2012,Warkworth ,clay loam,Warkworth clay loam,Ultic,Typic Yellow Ultic,Viticulture,5.57,5.3,0.45,19.0,105.0,1.07,7.0,7.0,0.9,0.35,16.0,14.0,1.0,3.0,18.0,0.15,0.93,0.56,0.61,0.06,0.09,0.19,0.37,Low
2013-80-03,80,3,2013,2013-2017,Warkworth ,clay loam,Warkworth clay loam,Ultic,Typic Yellow Ultic,Viticulture,5.64,4.4,0.38,19.0,79.0,1.02,10.0,11.0,1.6,0.33,17.0,18.0,2.0,4.0,18.0,0.26,0.88,0.6,0.78,0.11,0.12,0.19,0.42,Low
2023-80-05,80,5,2023,2018-2023,Warkworth ,clay loam,Warkworth clay loam,Ultic,Typic Yellow Ultic,Viticulture,5.63,5.2,0.43,14.0,103.0,0.84,6.0,10.0,1.9,0.31,18.0,35.0,2.0,4.0,17.0,0.31,0.83,0.63,1.52,0.11,0.12,0.18,0.53,Low
2000-81-01,81,1,2000,1995-2000,Warkworth ,clay loam,Warkworth clay loam,Ultic,Typic Yellow Ultic,Orchard,5.77,5.1,0.37,17.0,155.0,0.93,10.0,12.0,1.4,0.1,9.0,9.0,2.0,8.0,26.0,0.23,0.27,0.32,0.39,0.11,0.24,0.28,0.26,Low
2008-81-02,81,2,2008,2008-2012,Warkworth ,clay loam,Warkworth clay loam,Ultic,Typic Yellow Ultic,Orchard,6.11,5.0,0.39,15.0,150.0,1.01,5.0,8.0,1.6,0.07,8.0,6.0,2.0,6.0,22.0,0.26,0.19,0.28,0.26,0.11,0.18,0.23,0.22,Low
2013-81-03,81,3,2013,2013-2017,Warkworth ,clay loam,Warkworth clay loam,Ultic,Typic Yellow Ultic,Orchard-Lifestyle,5.99,4.8,0.4,23.0,98.0,0.89,9.0,12.0,2.1,0.09,12.0,6.0,3.0,9.0,27.0,0.34,0.24,0.42,0.26,0.17,0.27,0.29,0.28,Low
2023-81-05,81,5,2023,2018-2023,Warkworth ,clay loam,Warkworth clay loam,Ultic,Typic Yellow Ultic,Orchard-Lifestyle,6.64,4.9,0.4,33.0,142.0,0.78,6.0,10.0,3.0,0.08,15.0,8.0,4.0,9.0,44.0,0.48,0.21,0.53,0.35,0.22,0.27,0.47,0.36,Low
2000-82-01,82,1,2000,1995-2000,Waitemata complex,silt loam,Waitemata complex silt loam,Brown,Mottled Orthic Brown,Orchard,5.94,5.8,0.48,44.0,228.0,1.05,9.0,11.0,1.1,0.18,9.0,40.0,1.0,6.0,18.0,0.18,0.48,0.32,1.74,0.06,0.18,0.19,0.45,Low
2008-82-02,82,2,2008,2008-2012,Waitemata complex,silt loam,Waitemata complex silt loam,Brown,Mottled Orthic Brown,Orchard,5.89,5.5,0.48,37.0,126.0,1.01,6.0,9.0,1.4,0.22,13.0,28.0,1.0,8.0,19.0,0.23,0.59,0.46,1.22,0.06,0.24,0.2,0.43,Low
2013-82-03,82,3,2013,2013-2017,Waitemata complex,silt loam,Waitemata complex silt loam,Brown,Mottled Orthic Brown,Orchard,6.05,5.7,0.53,55.0,126.0,0.94,8.0,10.0,2.2,0.22,11.0,35.0,2.0,7.0,17.0,0.35,0.59,0.39,1.52,0.11,0.21,0.18,0.48,Low
2023-82-05,82,5,2023,2018-2023,Waitemata complex,silt loam,Waitemata complex silt loam,Brown,Mottled Orthic Brown,Orchard,5.84,5.5,0.51,34.0,116.0,0.81,4.0,9.0,2.1,0.2,14.0,15.0,2.0,7.0,17.0,0.34,0.53,0.49,0.65,0.11,0.21,0.18,0.36,Low
2000-83-01,83,1,2000,1995-2000,Waitemata complex,silt loam,Waitemata complex silt loam,Brown,Mottled Orthic Brown,Native,5.72,5.5,0.28,36.0,124.0,1.05,10.0,12.0,1.1,0.04,7.0,4.0,1.0,7.0,27.0,0.18,0.11,0.25,0.17,0.06,0.21,0.29,0.18,Low
2012-83-02,83,2,2012,2008-2012,Waitemata complex,silt loam,Waitemata complex silt loam,Brown,Mottled Orthic Brown ,Native,5.8,7.0,0.4,21.0,150.0,0.85,13.0,16.0,1.0,0.03,7.0,5.0,1.0,7.0,20.0,0.16,0.08,0.25,0.22,0.06,0.21,0.21,0.17,Low
2017-83-03,83,3,2017,2013-2017,Waitemata complex,silt loam,Waitemata complex silt loam,Brown,Mottled Orthic Brown,Native,5.56,5.1,0.31,36.0,97.0,1.0,7.0,10.0,1.5,0.06,7.0,3.0,1.0,9.0,19.0,0.24,0.16,0.25,0.13,0.06,0.27,0.2,0.19,Low
2022-83-04,83,4,2022,2018-2023,Waitemata complex,silt loam,Waitemata complex silt loam,Brown,Mottled Orthic Brown,Native,5.69,7.6,0.43,15.0,139.0,0.81,13.0,15.0,1.4,0.05,12.0,4.0,2.0,7.0,18.0,0.23,0.13,0.42,0.17,0.11,0.21,0.19,0.21,Low
2000-84-01,84,1,2000,1995-2000,Cornwallis ,clay,Cornwallis clay,Granular,Typic Orthic Granular,Drystock,6.5,7.7,0.59,12.0,270.0,0.95,5.0,5.0,1.0,0.3,24.0,10.0,3.0,10.0,11.0,0.16,0.8,0.84,0.43,0.17,0.3,0.12,0.4,Low
2010-84-02,84,2,2010,2008-2012,Cornwallis ,clay,Cornwallis clay,Granular,Typic Orthic Granular,Drystock,6.59,6.2,0.56,47.0,190.0,1.07,1.0,3.0,1.5,0.4,11.0,7.0,3.0,7.0,13.0,0.24,1.07,0.39,0.3,0.17,0.21,0.14,0.36,Low
2015-84-04,84,4,2015,2013-2017,Cornwallis ,clay,Cornwallis clay,Granular,Typic Orthic Granular,Drystock,6.56,6.2,0.58,45.0,165.0,0.8,7.0,10.0,1.8,0.44,14.0,9.0,4.0,9.0,17.0,0.29,1.17,0.49,0.39,0.22,0.27,0.18,0.43,Low
2020-84-05,84,5,2020,2018-2023,Cornwallis ,clay,Cornwallis clay,Granular,Typic Orthic Granular,Drystock,6.83,5.7,0.54,31.0,147.0,1.05,6.0,8.0,2.0,0.37,19.0,9.0,4.0,10.0,18.0,0.32,0.99,0.67,0.39,0.22,0.3,0.19,0.44,Low
2000-85-01,85,1,2000,1995-2000,Waitemata complex,silt loam,Waitemata complex silt loam,Brown,Mottled Orthic Brown,Native,4.54,5.8,0.27,2.0,57.0,1.07,10.0,14.0,0.9,0.01,3.0,5.0,1.0,9.0,6.0,0.15,0.03,0.11,0.22,0.06,0.27,0.06,0.13,Low
2012-85-02,85,2,2012,2008-2012,Waitemata complex,silt loam,Waitemata complex silt loam,Brown,Mottled Orthic Brown ,Native,4.9,6.9,0.36,3.0,60.0,1.01,9.0,10.0,1.1,0.01,3.0,4.0,1.0,9.0,6.0,0.18,0.03,0.11,0.17,0.06,0.27,0.06,0.13,Low
2017-85-07,85,7,2017,2013-2017,Waitemata complex,silt loam,Waitemata complex silt loam,Brown,Mottled Orthic Brown,Native,5.01,3.7,0.21,4.0,59.0,1.0,5.0,8.0,1.6,0.01,11.0,7.0,3.0,8.0,15.0,0.26,0.03,0.39,0.3,0.17,0.24,0.16,0.22,Low
2022-85-08,85,8,2022,2018-2023,Waitemata complex,silt loam,Waitemata complex silt loam,Brown,Mottled Orthic Brown,Native,4.9,5.1,0.27,4.0,46.0,1.11,5.0,7.0,0.9,0.05,4.0,2.0,1.0,7.0,7.0,0.15,0.13,0.14,0.09,0.06,0.21,0.07,0.12,Low
2000-86-01,86,1,2000,1995-2000,Waitemata complex,silty clay,Waitemata complex silty clay,Gley,Typic Orthic Gley,Viticulture,5.8,3.5,0.24,144.0,91.0,1.4,8.0,8.0,1.0,0.42,5.0,84.0,5.0,7.0,29.0,0.16,1.12,0.18,3.65,0.28,0.21,0.31,0.84,Low
2008-86-02,86,2,2008,2008-2012,Waitemata complex,silty clay,Waitemata complex silty clay,Gley,Typic Orthic Gley,Viticulture,6.19,4.3,0.33,115.0,81.0,1.28,3.0,5.0,0.9,0.42,4.0,47.0,3.0,7.0,24.0,0.15,1.12,0.14,2.04,0.17,0.21,0.25,0.58,Low
2013-86-03,86,3,2013,2013-2017,Waitemata complex,silty clay,Waitemata complex silty clay,Gley,Typic Orthic Gley,Viticulture,5.97,4.1,0.34,133.0,86.0,0.95,16.0,18.0,1.1,0.43,7.0,120.0,5.0,8.0,31.0,0.18,1.15,0.25,5.22,0.28,0.24,0.33,1.09,Moderate
2023-86-05,86,5,2023,2018-2023,Waitemata complex,silty clay,Waitemata complex silty clay,Gley,Typic Orthic Gley,Viticulture,5.95,5.2,0.42,119.0,138.0,1.06,5.0,8.0,1.5,0.27,5.0,84.0,3.0,7.0,27.0,0.24,0.72,0.18,3.65,0.17,0.21,0.29,0.78,Low
2000-87-01,87,1,2000,1995-2000,Waitemata complex,silty clay,Waitemata complex silty clay,Gley,Typic Orthic Gley,Orchard,5.87,3.4,0.2,107.0,115.0,1.23,13.0,16.0,0.9,0.36,3.0,72.0,2.0,5.0,21.0,0.15,0.96,0.11,3.13,0.11,0.15,0.22,0.69,Low
2008-87-02,87,2,2008,2008-2012,Waitemata complex,silty clay,Waitemata complex silty clay,Gley,Typic Orthic Gley,Orchard,6.29,3.9,0.26,79.0,72.0,1.25,5.0,7.0,1.2,0.35,3.0,110.0,2.0,8.0,26.0,0.19,0.93,0.11,4.78,0.11,0.24,0.28,0.95,Low
2013-87-03,87,3,2013,2013-2017,Waitemata complex,silty clay,Waitemata complex silty clay,Gley,Typic Orthic Gley,Orchard,6.05,3.1,0.21,56.0,30.0,1.41,1.0,1.0,0.8,0.2,5.0,61.0,3.0,5.0,10.0,0.13,0.53,0.18,2.65,0.17,0.15,0.11,0.56,Low
2023-87-05,87,5,2023,2018-2023,Waitemata complex,silty clay,Waitemata complex silty clay,Gley,Typic Orthic Gley,Orchard,6.42,3.0,0.2,64.0,91.0,1.41,4.0,6.0,1.6,0.22,4.0,57.0,2.0,7.0,18.0,0.26,0.59,0.14,2.48,0.11,0.21,0.19,0.57,Low
2000-88-01,88,1,2000,1995-2000,Waitemata complex,clay,Waitemata complex clay,Gley,Typic Orthic Gley,Outdoor vegetable,6.18,2.7,0.16,119.0,34.0,1.35,4.0,6.0,1.2,0.23,4.0,18.0,2.0,7.0,13.0,0.19,0.61,0.14,0.78,0.11,0.21,0.14,0.31,Low
2008-88-02,88,2,2008,2008-2012,Waitemata complex,clay,Waitemata complex clay,Gley,Typic Orthic Gley,Outdoor vegetable,5.97,3.1,0.18,57.0,25.0,1.18,9.0,11.0,2.2,0.22,4.0,11.0,2.0,7.0,15.0,0.35,0.59,0.14,0.48,0.11,0.21,0.16,0.29,Low
2013-88-03,88,3,2013,2013-2017,Waitemata complex,clay,Waitemata complex clay,Gley,Typic Orthic Gley,Orchard,6.36,3.0,0.21,73.0,22.0,1.35,2.0,3.0,1.9,0.19,6.0,9.0,3.0,14.0,46.0,0.31,0.51,0.21,0.39,0.17,0.42,0.49,0.36,Low
2023-88-05,88,5,2023,2018-2023,Waitemata complex,clay,Waitemata complex clay,Gley,Typic Orthic Gley,Orchard,6.51,2.7,0.2,100.0,23.0,1.37,4.0,5.0,3.2,0.28,5.0,14.0,3.0,22.0,75.0,0.52,0.75,0.18,0.61,0.17,0.67,0.79,0.53,Low
2016-89-02,89,2,2016,2013-2017,Whangaripo ,clay loam,Whangaripo clay loam,Ultic,Typic Yellow Ultic,Forestry,4.56,5.2,0.31,20.0,47.0,0.86,6.0,9.0,1.4,0.14,14.0,15.0,4.0,6.0,19.0,0.23,0.37,0.49,0.65,0.22,0.18,0.2,0.33,Low
2016-90-02,90,2,2016,2013-2017,Whangaripo ,clay loam,Whangaripo clay loam,Ultic,Typic Yellow Ultic,Forestry,4.95,7.1,0.39,7.0,132.0,0.71,24.0,26.0,1.2,0.09,12.0,7.0,2.0,6.0,8.0,0.19,0.24,0.42,0.3,0.11,0.18,0.08,0.22,Low
2021-90-03,90,3,2021,2018-2023,Whangaripo ,clay loam,Whangaripo clay loam,Ultic,Typic Yellow Ultic,Forestry,4.71,6.8,0.39,4.0,111.0,0.67,18.0,22.0,1.9,0.1,16.0,9.0,2.0,5.0,9.0,0.31,0.27,0.56,0.39,0.11,0.15,0.1,0.27,Low
2016-91-02,91,2,2016,2013-2017,Pinaki ,sand,Pinaki sand,Recent,Typic Sandy Recent,Forestry,5.77,1.9,0.1,12.0,38.0,1.49,32.0,38.0,9.8,0.09,5.0,3.0,3.0,2.0,17.0,1.58,0.24,0.18,0.13,0.17,0.06,0.18,0.36,Low
2021-91-03,91,3,2021,2018-2023,Pinaki ,sand,Pinaki sand,Recent,Typic Sandy Recent,Forestry,5.75,1.7,0.07,5.0,17.0,0.99,47.0,50.0,9.4,0.05,7.0,4.0,4.0,2.0,21.0,1.52,0.13,0.25,0.17,0.22,0.06,0.22,0.37,Low
2016-92-02,92,2,2016,2013-2017,Hukerenui ,silty clay,Hukerenui silty clay,Ultic,Albic Ultic,Forestry,5.06,7.0,0.27,7.0,69.0,1.07,13.0,14.0,2.2,0.09,8.0,3.0,1.0,9.0,7.0,0.35,0.24,0.28,0.13,0.06,0.27,0.07,0.2,Low
2021-92-03,92,3,2021,2018-2023,Hukerenui ,silty clay,Hukerenui silty clay,Ultic,Albic Ultic,Forestry,4.87,4.7,0.2,4.0,56.0,0.79,18.0,21.0,4.7,0.05,21.0,7.0,1.0,7.0,7.0,0.76,0.13,0.74,0.3,0.06,0.21,0.07,0.32,Low
2016-93-02,93,2,2016,2013-2017,Hukerenui ,silty clay,Hukerenui silty clay,Ultic,Albic Ultic,Forestry,4.85,4.8,0.18,4.0,27.0,1.17,20.0,22.0,1.3,0.09,3.0,3.0,1.0,3.0,7.0,0.21,0.24,0.11,0.13,0.06,0.09,0.07,0.13,Low
2021-93-03,93,3,2021,2018-2023,Hukerenui ,silty clay,Hukerenui silty clay,Ultic,Albic Ultic,Forestry,4.69,5.3,0.19,3.0,21.0,1.32,12.0,14.0,1.3,0.05,3.0,7.0,1.0,3.0,9.0,0.21,0.13,0.11,0.3,0.06,0.09,0.1,0.14,Low
2016-94-02,94,2,2016,2013-2017,Rangiora,clay,Rangiora clay,Ultic,Mottled Ultic,Forestry,4.96,3.5,0.17,5.0,57.0,1.28,6.0,7.0,1.1,0.09,4.0,4.0,1.0,5.0,7.0,0.18,0.24,0.14,0.17,0.06,0.15,0.07,0.14,Low
2021-94-03,94,3,2021,2018-2023,Rangiora,clay,Rangiora clay,Ultic,Mottled Ultic,Forestry,5.03,5.7,0.3,3.0,97.0,1.06,12.0,14.0,4.0,0.05,7.0,14.0,2.0,11.0,18.0,0.65,0.13,0.25,0.61,0.11,0.33,0.19,0.32,Low
2016-95-02,95,2,2016,2013-2017,Mahurangi,fine sandy loam,Mahurangi fine sandy loam,Ultic,Albic Ultic,Forestry,5.04,4.4,0.2,18.0,41.0,1.19,11.0,13.0,1.1,0.09,2.0,1.0,1.0,3.0,7.0,0.18,0.24,0.07,0.04,0.06,0.09,0.07,0.11,Low
2016-96-02,96,2,2016,2013-2017,Mahurangi,fine sandy loam,Mahurangi fine sandy loam,Ultic,Albic Ultic,Forestry,5.08,5.7,0.22,21.0,34.0,1.11,6.0,6.0,2.3,0.12,4.0,5.0,3.0,4.0,18.0,0.37,0.32,0.14,0.22,0.17,0.12,0.19,0.22,Low
2017-97-02,97,2,2017,2013-2017,Marua,brown clay loam,Marua brown clay loam,Ultic,Mafic Ultic,Native,5.05,2.8,0.2,4.0,68.0,1.4,14.0,16.0,16.0,0.08,3.0,180.0,18.0,26.0,29.0,2.58,0.21,0.11,7.83,1.0,0.79,0.31,1.83,Moderate
2022-97-03,97,3,2022,2018-2023,Marua,brown clay loam,Marua brown clay loam,Ultic,Mafic Ultic,Native,5.24,4.5,0.28,6.0,163.0,1.08,15.0,18.0,12.3,0.05,5.0,115.0,11.0,25.0,38.0,1.98,0.13,0.18,5.0,0.61,0.76,0.4,1.29,Moderate
2017-98-02,98,2,2017,2013-2017,Marua ,clay loam,Marua clay loam,Ultic,Typic Yellow Ultic,Native,4.99,4.5,0.28,5.0,117.0,1.0,11.0,13.0,5.0,0.03,8.0,11.0,3.0,17.0,33.0,0.81,0.08,0.28,0.48,0.17,0.52,0.35,0.38,Low
2022-98-03,98,3,2022,2018-2023,Marua,clay loam,Marua clay loam,Ultic,Typic Yellow Ultic,Native,4.87,5.8,0.36,22.0,89.0,1.07,7.0,9.0,6.9,0.05,9.0,11.0,3.0,18.0,42.0,1.11,0.13,0.32,0.48,0.17,0.55,0.44,0.46,Low
2017-99-02,99,2,2017,2013-2017,Marua ,clay loam,Marua clay loam,Ultic,Typic Yellow Ultic,Native,4.53,13.7,0.72,3.0,122.0,0.6,16.0,18.0,7.4,0.04,12.0,15.0,5.0,17.0,28.0,1.19,0.11,0.42,0.65,0.28,0.52,0.3,0.5,Low
2022-99-03,99,3,2022,2018-2023,Marua,clay loam,Marua clay loam,Ultic,Typic Yellow Ultic,Native,4.93,14.0,0.77,3.0,225.0,0.56,19.0,22.0,5.2,0.05,13.0,12.0,4.0,15.0,29.0,0.84,0.13,0.46,0.52,0.22,0.45,0.31,0.42,Low
2017-100-06,100,6,2017,2013-2017,Marua ,clay loam,Marua clay loam,Ultic,Typic Yellow Ultic,Native,4.6,7.8,0.42,4.0,105.0,0.7,15.0,18.0,5.8,0.03,8.0,14.0,3.0,13.0,29.0,0.94,0.08,0.28,0.61,0.17,0.39,0.31,0.4,Low
2022-100-07,100,7,2022,2018-2023,Marua,clay loam,Marua clay loam,Ultic,Typic Yellow Ultic,Native,5.19,3.3,0.2,3.0,85.0,0.95,15.0,17.0,6.4,0.05,12.0,26.0,7.0,20.0,50.0,1.03,0.13,0.42,1.13,0.39,0.61,0.53,0.61,Low
2017-101-02,101,2,2017,2013-2017,Te Ranga steepland,clay loam,Te Ranga steepland soil clay loam,Ultic,Typic Yellow Ultic,Native,4.68,8.9,0.56,5.0,192.0,0.6,7.0,10.0,4.3,0.02,5.0,6.0,2.0,12.0,19.0,0.69,0.05,0.18,0.26,0.11,0.36,0.2,0.26,Low
2022-101-03,101,3,2022,2018-2023,Te Ranga steepland,clay loam,Te Ranga steepland soil clay loam,Ultic,Typic Yellow Ultic,Native,4.91,10.5,0.6,4.0,194.0,0.6,25.0,28.0,6.2,0.05,11.0,10.0,3.0,14.0,30.0,1.0,0.13,0.39,0.43,0.17,0.42,0.32,0.41,Low
2017-102-02,102,2,2017,2013-2017,Waitakere ,clay,Waitakere clay,Granular,Typic Orthic Granular,Native,4.75,11.8,0.66,2.0,223.0,0.4,16.0,20.0,1.4,0.05,10.0,35.0,2.0,10.0,23.0,0.23,0.13,0.35,1.52,0.11,0.3,0.24,0.41,Low
2022-102-03,102,3,2022,2018-2023,Waitakere ,clay,Waitakere clay,Granular,Typic Orthic Granular,Native,5.03,12.9,0.68,3.0,283.0,0.61,14.0,16.0,1.5,0.05,15.0,39.0,4.0,11.0,30.0,0.24,0.13,0.53,1.7,0.22,0.33,0.32,0.5,Low
2017-103-06,103,6,2017,2013-2017,Waitakere ,clay,Waitakere clay,Granular,Typic Orthic Granular,Native,4.55,12.3,0.6,2.0,180.0,0.5,12.0,16.0,1.8,0.04,10.0,12.0,3.0,15.0,14.0,0.29,0.11,0.35,0.52,0.17,0.45,0.15,0.29,Low
2022-103-07,103,7,2022,2018-2023,Waitakere ,clay,Waitakere clay,Granular,Typic Orthic Granular,Native,4.66,12.9,0.57,2.0,199.0,0.65,14.0,16.0,1.7,0.15,11.0,14.0,2.5,12.0,17.0,0.27,0.4,0.39,0.61,0.14,0.36,0.18,0.34,Low
2017-104-02,104,2,2017,2013-2017,Huia steepland,sandy loam,Huia steepland soil sandy loam,Brown,Mafic Brown,Native,5.51,7.0,0.43,4.0,173.0,0.7,4.0,7.0,1.2,0.04,9.0,43.0,3.0,15.0,42.0,0.19,0.11,0.32,1.87,0.17,0.45,0.44,0.51,Low
2022-104-03,104,3,2022,2018-2023,Huia steepland,sandy loam,Huia steepland soil sandy loam,Brown,Mafic Brown,Native,6.33,9.6,0.63,7.0,249.0,0.76,14.0,17.0,2.6,0.12,8.0,38.0,5.0,28.0,88.0,0.42,0.32,0.28,1.65,0.28,0.85,0.93,0.68,Low
2017-105-06,105,6,2017,2013-2017,Huia steepland,sandy loam,Huia steepland soil sandy loam,Brown,Mafic Brown,Native,6.71,3.0,0.23,3.0,106.0,1.2,8.0,11.0,3.3,0.04,18.0,6.0,6.0,7.0,51.0,0.53,0.11,0.63,0.26,0.33,0.21,0.54,0.37,Low
2022-105-07,105,7,2022,2018-2023,Huia steepland,sandy loam,Huia steepland soil sandy loam,Brown,Mafic Brown,Native,6.78,2.9,0.23,4.0,157.0,1.17,16.0,20.0,3.8,0.05,15.0,4.0,6.0,6.0,84.0,0.61,0.13,0.53,0.17,0.33,0.18,0.89,0.41,Low
2017-107-06,107,6,2017,2013-2017,Waitakere ,mottled clay,Waitakere mottled clay,Granular,Mottled Orthic Granular,Native,5.0,7.3,0.41,3.0,163.0,0.7,11.0,14.0,1.6,0.03,8.0,16.0,2.0,12.0,16.0,0.26,0.08,0.28,0.7,0.11,0.36,0.17,0.28,Low
2022-107-07,107,7,2022,2018-2023,Waitakere ,mottled clay,Waitakere mottled clay,Granular,Mottled Orthic Granular,Native,5.26,7.9,0.45,3.0,204.0,0.83,13.0,15.0,1.4,0.05,12.0,13.0,1.0,9.0,24.0,0.23,0.13,0.42,0.57,0.06,0.27,0.25,0.28,Low
2017-108-02,108,2,2017,2013-2017,Te Kie,clay loam,Te Kie clay loam,Recent,Weathered Orthic Recent,Native,5.07,6.0,0.39,4.0,146.0,0.9,6.0,7.0,1.3,0.03,21.0,10.0,3.0,14.0,21.0,0.21,0.08,0.74,0.43,0.17,0.42,0.22,0.32,Low
2017-109-02,109,2,2017,2013-2017,Te Kie,clay loam,Te Kie clay loam,Recent,Weathered Orthic Recent,Native,4.7,5.3,0.29,3.0,115.0,0.9,9.0,11.0,1.7,0.01,11.0,5.0,1.0,7.0,9.0,0.27,0.03,0.39,0.22,0.06,0.21,0.1,0.18,Low
2017-110-02,110,2,2017,2013-2017,Parau ,clay loam,Parau clay loam,Brown,Typic Mafic Brown,Native,6.24,10.5,0.57,8.0,256.0,0.8,10.0,12.0,4.6,0.04,23.0,11.0,1.0,7.0,18.0,0.74,0.11,0.81,0.48,0.06,0.21,0.19,0.37,Low
2017-111-02,111,2,2017,2013-2017,Awapuku,clay loam,Awapuku clay loam,Brown,Mottled Mafic Brown,Native,5.45,6.3,0.5,4.0,207.0,0.7,6.0,8.0,1.9,0.06,10.0,18.0,4.0,9.0,38.0,0.31,0.16,0.35,0.78,0.22,0.27,0.4,0.36,Low
2017-112-02,112,2,2017,2013-2017,Te Kie,clay loam,Te Kie clay loam,Recent,Weathered Orthic Recent,Native,4.69,7.9,0.32,0.0,107.0,0.8,10.0,12.0,1.1,0.02,20.0,3.0,2.0,7.0,11.0,0.18,0.05,0.7,0.13,0.11,0.21,0.12,0.21,Low
2013-113-01,113,1,2013,2013-2017,Patumahoe ,clay loam,Patumahoe clay loam,Granular,Typic Orthic Granular,Outdoor vegetable,6.43,1.8,0.19,348.0,7.0,1.06,20.0,22.0,9.2,0.58,23.0,61.0,9.0,30.0,48.0,1.48,1.55,0.81,2.65,0.5,0.91,0.51,1.2,Moderate
2023-113-03,113,3,2023,2018-2023,Patumahoe ,clay loam,Patumahoe clay loam,Granular,Typic Orthic Granular,Outdoor vegetable,5.87,1.7,0.18,328.0,11.0,1.13,15.0,17.0,8.8,0.55,25.0,59.0,10.2,34.0,72.0,1.42,1.47,0.88,2.57,0.57,1.03,0.76,1.24,Moderate
2013-114-01,114,1,2013,2013-2017,Patumahoe ,clay loam,Patumahoe clay loam,Granular,Typic Orthic Granular,Outdoor vegetable,6.13,2.5,0.22,148.0,9.0,1.16,15.0,16.0,8.4,0.56,24.0,49.0,10.0,31.0,40.0,1.35,1.49,0.84,2.13,0.56,0.94,0.42,1.1,Moderate
2023-114-03,114,3,2023,2018-2023,Patumahoe ,clay loam,Patumahoe clay loam,Granular,Typic Orthic Granular,Outdoor vegetable,6.4,2.0,0.17,184.0,2.0,1.29,3.0,3.0,8.4,0.47,22.0,44.0,9.0,32.0,43.0,1.35,1.25,0.77,1.91,0.5,0.97,0.46,1.03,Moderate
2013-115-01,115,1,2013,2013-2017,Patumahoe ,clay loam,Patumahoe clay loam,Granular,Typic Orthic Granular,Outdoor vegetable,6.22,4.3,0.42,73.0,45.0,1.0,16.0,17.0,8.7,0.36,22.0,43.0,7.0,56.0,66.0,1.4,0.96,0.77,1.87,0.39,1.7,0.7,1.11,Moderate
2023-115-03,115,3,2023,2018-2023,Patumahoe ,clay loam,Patumahoe clay loam,Granular,Typic Orthic Granular,Outdoor vegetable,5.76,2.2,0.21,193.0,2.0,1.23,8.0,10.0,8.2,0.37,22.0,61.0,9.0,34.0,57.0,1.32,0.99,0.77,2.65,0.5,1.03,0.6,1.12,Moderate
2013-116-01,116,1,2013,2013-2017,Patumahoe ,clay loam,Patumahoe clay loam,Granular,Typic Orthic Granular,Outdoor vegetable,7.07,2.0,0.16,187.0,7.0,0.98,27.0,29.0,9.2,0.47,26.0,43.0,10.0,31.0,36.0,1.48,1.25,0.91,1.87,0.56,0.94,0.38,1.06,Moderate
2023-116-03,116,3,2023,2018-2023,Patumahoe ,clay loam,Patumahoe clay loam,Granular,Typic Orthic Granular,Outdoor vegetable,6.5,2.0,0.18,199.0,41.0,1.13,14.0,15.0,10.2,0.41,31.0,41.0,13.0,33.0,48.0,1.65,1.09,1.09,1.78,0.72,1.0,0.51,1.12,Moderate
2013-117-01,117,1,2013,2013-2017,Patumahoe ,clay loam,Patumahoe clay loam,Granular,Typic Orthic Granular,Outdoor vegetable,6.89,2.4,0.21,361.0,18.0,1.06,22.0,23.0,7.6,0.7,22.0,40.0,7.0,30.0,51.0,1.23,1.87,0.77,1.74,0.39,0.91,0.54,1.06,Moderate
2023-117-03,117,3,2023,2018-2023,Patumahoe ,clay loam,Patumahoe clay loam,Granular,Typic Orthic Granular,Outdoor vegetable,6.28,2.1,0.19,279.0,5.0,1.33,2.0,3.0,9.7,0.61,23.0,40.0,10.0,33.0,58.0,1.56,1.63,0.81,1.74,0.56,1.0,0.61,1.13,Moderate
2013-118-01,118,1,2013,2013-2017,Rangiora,sandy clay loam,Rangiora sandy clay loam,Ultic,Mottled Albic Ultic,Viticulture,6.62,4.2,0.34,11.0,78.0,1.04,12.0,14.0,3.3,0.15,8.0,12.0,3.0,13.0,18.0,0.53,0.4,0.28,0.52,0.17,0.39,0.19,0.35,Low
2023-118-03,118,3,2023,2018-2023,Rangiora,sandy clay loam,Rangiora sandy clay loam,Ultic,Mottled Albic Ultic,Viticulture,6.41,4.5,0.37,22.0,96.0,1.01,6.0,9.0,5.6,0.15,9.0,19.0,2.0,13.0,28.0,0.9,0.4,0.32,0.83,0.11,0.39,0.3,0.46,Low
2013-119-01,119,1,2013,2013-2017,Rangiora,sandy clay loam,Rangiora sandy clay loam,Ultic,Mottled Albic Ultic,Viticulture,6.24,3.4,0.24,16.0,70.0,1.17,7.0,9.0,1.7,0.06,9.0,8.0,3.0,7.0,11.0,0.27,0.16,0.32,0.35,0.17,0.21,0.12,0.23,Low
2023-119-03,119,3,2023,2018-2023,Rangiora,sandy clay loam,Rangiora sandy clay loam,Ultic,Mottled Albic Ultic,Viticulture,6.23,3.8,0.3,20.0,87.0,1.04,14.0,18.0,2.3,0.08,6.0,17.0,2.0,7.0,17.0,0.37,0.21,0.21,0.74,0.11,0.21,0.18,0.29,Low
2013-120-01,120,1,2013,2013-2017,Mahurangi,fine sandy clay loam,Mahurangi fine sandy clay loam,Ultic,Yellow Albic Ultic,Viticulture,6.28,4.0,0.32,28.0,96.0,1.15,4.0,6.0,4.0,0.15,13.0,44.0,4.0,18.0,33.0,0.65,0.4,0.46,1.91,0.22,0.55,0.35,0.65,Low
2023-120-03,120,3,2023,2018-2023,Mahurangi,fine sandy clay loam,Mahurangi fine sandy clay loam,Ultic,Yellow Albic Ultic,Viticulture,5.93,3.9,0.31,16.0,88.0,1.01,4.0,8.0,2.5,0.07,8.0,28.0,1.0,7.0,21.0,0.4,0.19,0.28,1.22,0.06,0.21,0.22,0.37,Low
2014-121-01,121,1,2014,2013-2017,Kara,sandy clay,Kara sandy clay,Gley,Gley,Dairy,5.55,5.4,0.45,69.0,139.0,0.79,3.0,7.0,0.3,0.38,3.0,3.0,1.0,2.0,5.0,0.05,1.01,0.11,0.13,0.06,0.06,0.05,0.21,Low
2019-121-02,121,2,2019,2018-2023,Kara,sandy clay,Kara sandy clay,Gley,Gley,Dairy,5.64,5.7,0.48,42.0,118.0,0.86,6.0,10.0,1.0,0.4,4.0,4.0,1.0,3.0,10.0,0.16,1.07,0.14,0.17,0.06,0.09,0.11,0.26,Low
2014-122-01,122,1,2014,2013-2017,Kara ,sandy loam,Kara sandy loam,Gley,Gley,Dairy,5.78,4.7,0.35,39.0,86.0,0.92,4.0,7.0,0.2,0.27,4.0,3.0,1.0,2.0,8.0,0.03,0.72,0.14,0.13,0.06,0.06,0.08,0.17,Low
2019-122-02,122,2,2019,2018-2023,Kara ,sandy loam,Kara sandy loam,Gley,Gley,Dairy,5.77,5.2,0.41,60.0,83.0,0.99,4.0,7.0,1.0,0.32,4.0,3.0,1.0,2.0,6.0,0.16,0.85,0.14,0.13,0.06,0.06,0.06,0.21,Low
2014-123-01,123,1,2014,2013-2017,Tangitiki,sandy clay,Tangitiki sandy clay,Ultic,Ultic,Dairy,6.2,11.8,1.02,44.0,187.0,0.69,2.0,6.0,0.9,0.57,7.0,15.0,2.5,4.0,34.0,0.15,1.52,0.25,0.65,0.14,0.12,0.36,0.46,Low
2019-123-02,123,2,2019,2018-2023,Tangitiki,sandy clay,Tangitiki sandy clay,Ultic,Ultic,Dairy,6.16,10.7,0.93,43.0,144.0,0.74,1.0,3.0,1.0,0.69,8.0,13.0,3.0,6.0,36.0,0.16,1.84,0.28,0.57,0.17,0.18,0.38,0.51,Low
2014-124-01,124,1,2014,2013-2017,Tawharanui,sandy clay,Tawharanui sandy clay,Ultic,Ultic,Dairy,5.85,7.5,0.59,80.0,193.0,0.77,2.0,7.0,6.8,0.7,11.0,12.0,5.0,2.0,34.5,1.1,1.87,0.39,0.52,0.28,0.06,0.37,0.66,Low
2019-124-02,124,2,2019,2018-2023,Tawharanui,sandy clay,Tawharanui sandy clay,Ultic,Ultic,Dairy,6.22,8.6,0.69,70.0,157.0,0.67,6.0,10.0,5.0,0.6,9.0,9.0,5.0,3.0,25.0,0.81,1.6,0.32,0.39,0.28,0.09,0.26,0.54,Low
2014-125-01,125,1,2014,2013-2017,Whareora  and Waipuna ,clay loam and clay,Whareora clay loam and Waipuna clay,Brown,Brown,Dairy,6.63,8.4,0.82,56.0,326.0,0.9,4.0,6.0,3.5,0.68,8.0,17.0,2.0,11.0,33.0,0.56,1.81,0.28,0.74,0.11,0.33,0.35,0.6,Low
2019-125-02,125,2,2019,2018-2023,Whareora  and Waipuna ,clay loam and clay,Whareora clay loam and Waipuna clay,Brown,Brown,Dairy,6.25,8.6,0.84,58.0,176.0,0.8,3.0,5.0,4.0,0.82,10.0,17.0,4.0,12.0,51.0,0.65,2.19,0.35,0.74,0.22,0.36,0.54,0.72,Low
2017-201-02,201,2,2017,2013-2017,Anthropic ,sandy loam,Anthropic sandy loam,Anthropic,Anthropic,Urban,5.32,5.1,0.44,11.0,147.0,0.6,10.0,16.0,3.0,0.1,7.0,10.0,5.0,15.0,49.0,0.48,0.27,0.25,0.43,0.28,0.45,0.52,0.38,Low
2022-201-03,201,3,2022,2018-2023,Anthropic ,sandy loam,Anthropic sandy loam,Anthropic,Anthropic,Urban,5.35,6.0,0.45,12.0,136.0,0.97,6.0,11.0,2.5,0.05,5.0,3.0,1.0,9.0,13.0,0.4,0.13,0.18,0.13,0.06,0.27,0.14,0.19,Low
2017-202-02,202,2,2017,2013-2017,Whareora ,clay loam,Whareora clay loam,Recent,Recent,Urban,6.23,5.8,0.5,10.0,158.0,0.7,9.0,13.0,9.0,0.05,11.0,23.0,15.0,28.0,58.0,1.45,0.13,0.39,1.0,0.84,0.85,0.61,0.75,Low
2022-202-03,202,3,2022,2018-2023,Whareora ,clay loam,Whareora clay loam,Recent,Recent,Urban,5.41,6.3,0.49,12.0,173.0,0.92,11.0,11.0,2.9,0.16,5.0,22.0,3.0,29.0,67.0,0.47,0.43,0.18,0.96,0.17,0.88,0.71,0.54,Low
2017-203-02,203,2,2017,2013-2017,Whakapara,sandy clay loam,Whakapara sandy clay loam,Recent,Recent,Urban,5.63,6.7,0.41,20.0,102.0,0.9,4.0,8.0,6.0,0.17,13.0,9.0,8.0,10.0,41.0,0.97,0.45,0.46,0.39,0.45,0.3,0.43,0.49,Low
2022-203-03,203,3,2022,2018-2023,Whakapara,sandy clay loam,Whakapara sandy clay loam,Recent,Recent,Urban,5.74,7.9,0.48,28.0,120.0,1.05,8.0,11.0,8.1,0.19,15.0,13.0,8.0,12.0,41.0,1.31,0.51,0.53,0.57,0.45,0.36,0.43,0.59,Low
2017-204-02,204,2,2017,2013-2017,Whananaki,sand,Whananaki sand,Recent,Recent,Urban,5.51,3.8,0.33,15.0,72.0,1.0,5.0,9.0,8.0,0.11,7.0,3.0,4.0,4.0,22.0,1.29,0.29,0.25,0.13,0.22,0.12,0.23,0.36,Low
2022-204-03,204,3,2022,2018-2023,Whananaki,sand,Whananaki sand,Recent,Recent,Urban,5.55,3.8,0.33,23.0,80.0,1.09,8.0,13.0,7.7,0.1,6.0,3.0,4.0,4.0,21.0,1.24,0.27,0.21,0.13,0.22,0.12,0.22,0.34,Low
2017-205-02,205,2,2017,2013-2017,Albany ,clay,Albany clay,Ultic,Ultic,Urban,6.19,5.6,0.47,109.0,154.0,0.7,8.0,12.0,4.0,0.24,15.0,29.0,7.0,27.0,49.0,0.65,0.64,0.53,1.26,0.39,0.82,0.52,0.69,Low
2022-205-03,205,3,2022,2018-2023,Albany ,clay,Albany clay,Ultic,Ultic,Urban,6.28,6.1,0.53,85.0,157.0,0.91,6.0,9.0,3.8,0.2,13.0,24.0,7.0,31.0,60.0,0.61,0.53,0.46,1.04,0.39,0.94,0.63,0.66,Low
2017-206-02,206,2,2017,2013-2017,Albany ,clay,Albany clay,Ultic,Ultic,Urban,5.18,2.3,0.2,55.0,72.0,1.3,16.0,23.0,1.0,0.05,6.0,2.0,2.0,3.0,33.0,0.16,0.13,0.21,0.09,0.11,0.09,0.35,0.16,Low
2022-206-03,206,3,2022,2018-2023,Albany ,clay,Albany clay,Ultic,Ultic,Urban,5.53,2.7,0.24,64.0,127.0,1.34,19.0,24.0,3.2,0.05,6.0,4.0,3.0,4.0,29.0,0.52,0.13,0.21,0.17,0.17,0.12,0.31,0.23,Low
2017-207-02,207,2,2017,2013-2017,Hukerenui,silty clay,Hukerenui silty clay,Ultic,Ultic,Urban,5.29,2.7,0.19,5.0,59.0,1.0,7.0,12.0,1.0,0.05,6.0,4.0,3.0,8.0,14.0,0.16,0.13,0.21,0.17,0.17,0.24,0.15,0.18,Low
2022-207-03,207,3,2022,2018-2023,Hukerenui,silty clay,Hukerenui silty clay,Ultic,Ultic,Urban,5.43,3.7,0.26,9.0,87.0,1.09,6.0,9.0,1.5,0.05,5.0,4.0,1.0,8.0,16.0,0.24,0.13,0.18,0.17,0.06,0.24,0.17,0.17,Low
2017-208-02,208,2,2017,2013-2017,Whakapai ,clay loam,Whakapai clay loam,Granular,Granular,Urban,5.94,6.2,0.52,9.0,155.0,0.7,8.0,12.0,2.0,0.15,84.0,23.0,77.0,86.0,96.0,0.32,0.4,2.95,1.0,4.29,2.61,1.02,1.8,Moderate
2022-208-03,208,3,2022,2018-2023,Whakapai ,clay loam,Whakapai clay loam,Granular,Granular,Urban,5.86,6.9,0.54,9.0,154.0,0.75,7.0,11.0,1.9,0.05,73.0,23.0,120.0,220.0,136.0,0.31,0.13,2.56,1.0,6.69,6.67,1.44,2.69,Moderate
2017-209-02,209,2,2017,2013-2017,Anthropic,sandy clay loam,Anthropic sandy clay loam,Anthropic,Anthropic,Urban,5.77,6.5,0.55,28.0,202.0,0.7,7.0,12.0,4.0,0.12,31.0,22.0,36.0,82.0,79.0,0.65,0.32,1.09,0.96,2.01,2.48,0.84,1.19,Moderate
2022-209-03,209,3,2022,2018-2023,Anthropic,sandy clay loam,Anthropic sandy clay loam,Anthropic,Anthropic,Urban,6.12,6.4,0.56,56.0,237.0,0.88,10.0,14.0,4.2,0.15,23.0,30.0,30.0,62.0,81.0,0.68,0.4,0.81,1.3,1.67,1.88,0.86,1.09,Moderate
2017-210-02,210,2,2017,2013-2017,Anthropic,silty clay loam,Anthropic silty clay loam,Anthropic,Anthropic,Urban,5.55,4.4,0.34,9.0,106.0,0.9,7.0,11.0,1.0,0.05,6.0,6.0,4.0,9.0,16.0,0.16,0.13,0.21,0.26,0.22,0.27,0.17,0.2,Low
2022-210-03,210,3,2022,2018-2023,Anthropic,silty clay loam,Anthropic silty clay loam,Anthropic,Anthropic,Urban,5.62,5.8,0.44,13.0,149.0,0.84,7.0,12.0,2.6,0.11,7.0,8.0,4.0,11.0,20.0,0.42,0.29,0.25,0.35,0.22,0.33,0.21,0.3,Low
2017-213-02,213,2,2017,2013-2017,Coatesville ,silt loam,Coatesville silt loam,Allophanic,Allophanic,Urban,5.88,4.6,0.39,20.0,118.0,1.3,3.0,4.0,10.0,0.13,10.0,12.0,7.0,17.0,38.0,1.61,0.35,0.35,0.52,0.39,0.52,0.4,0.59,Low
2022-213-03,213,3,2022,2018-2023,Coatesville ,silt loam,Coatesville silt loam,Allophanic,Allophanic,Urban,5.98,3.3,0.3,58.0,99.0,1.27,10.0,14.0,6.3,0.05,8.0,6.0,4.0,7.0,35.0,1.02,0.13,0.28,0.26,0.22,0.21,0.37,0.36,Low
2017-214-02,214,2,2017,2013-2017,Coatesville ,silt loam,Coatesville silt loam,Allophanic,Allophanic,Native,5.06,3.8,0.19,0.0,63.0,1.1,7.0,10.0,2.0,0.05,9.0,4.0,3.0,12.0,12.0,0.32,0.13,0.32,0.17,0.17,0.36,0.13,0.23,Low
2022-214-03,214,3,2022,2018-2023,Coatesville ,silt loam,Coatesville silt loam,Allophanic,Allophanic,Native,5.11,6.2,0.3,3.0,110.0,1.02,21.0,23.0,2.2,0.05,6.0,4.0,1.0,8.0,11.0,0.35,0.13,0.21,0.17,0.06,0.24,0.12,0.18,Low
2017-215-02,215,2,2017,2013-2017,Mahurangi,fine sandy loam,Mahurangi fine sandy loam,Ultic,Ultic,Native,4.67,6.1,0.24,2.0,48.0,1.0,17.0,20.0,1.0,0.05,28.0,6.0,27.0,19.0,11.0,0.16,0.13,0.98,0.26,1.5,0.58,0.12,0.53,Low
2022-215-03,215,3,2022,2018-2023,Mahurangi,fine sandy loam,Mahurangi fine sandy loam,Ultic,Ultic,Native,4.52,4.9,0.19,2.0,42.0,1.07,22.0,25.0,1.0,0.05,11.0,3.0,6.0,10.0,5.0,0.16,0.13,0.39,0.13,0.33,0.3,0.05,0.21,Low
2017-216-02,216,2,2017,2013-2017,Coatesville ,silt loam,Coatesville silt loam,Ultic,Ultic,Native,5.12,5.0,0.33,20.0,87.0,1.0,9.0,12.0,1.0,0.05,9.0,5.0,6.0,23.0,18.0,0.16,0.13,0.32,0.22,0.33,0.7,0.19,0.29,Low
2022-216-03,216,3,2022,2018-2023,Coatesville ,silt loam,Coatesville silt loam,Ultic,Ultic,Native,5.56,4.5,0.29,12.0,89.0,1.06,11.0,14.0,0.8,0.05,8.0,4.0,5.0,21.0,12.0,0.13,0.13,0.28,0.17,0.28,0.64,0.13,0.25,Low
2017-217-02,217,2,2017,2013-2017,Kapu,clay loam,Kapu clay loam,Allophanic,Allophanic,Urban,5.63,5.0,0.42,10.0,73.0,0.6,13.0,17.0,2.0,0.05,33.0,16.0,43.0,29.0,39.0,0.32,0.13,1.16,0.7,2.4,0.88,0.41,0.86,Low
2022-217-03,217,3,2022,2018-2023,Kapu,clay loam,Kapu clay loam,Allophanic,Allophanic,Urban,5.93,5.0,0.37,11.0,141.0,1.06,8.0,10.0,2.2,0.05,22.0,14.0,27.0,26.0,36.0,0.35,0.13,0.77,0.61,1.5,0.79,0.38,0.65,Low
2017-218-02,218,2,2017,2013-2017,Ohaeawai,sandy silt loam,Ohaeawai sandy silt loam,Allophanic,Allophanic,Urban,6.12,9.8,0.79,18.0,231.0,0.8,8.0,12.0,5.0,0.34,101.0,50.0,193.0,75.0,173.0,0.81,0.91,3.54,2.17,10.75,2.27,1.83,3.18,High
2022-218-03,218,3,2022,2018-2023,Ohaeawai,sandy silt loam,Ohaeawai sandy silt loam,Allophanic,Allophanic,Urban,6.24,8.2,0.7,14.0,353.0,0.77,15.0,19.0,3.9,0.21,101.0,26.0,200.0,49.0,138.0,0.63,0.56,3.54,1.13,11.14,1.48,1.46,2.85,Moderate
2017-219-02,219,2,2017,2013-2017,Anthropic,clay loam,Anthropic clay loam,Anthropic,Anthropic,Urban,6.76,8.0,0.59,23.0,204.0,0.7,6.0,10.0,8.0,0.27,40.0,69.0,57.0,210.0,170.0,1.29,0.72,1.4,3.0,3.18,6.36,1.8,2.54,Moderate
2022-219-03,219,3,2022,2018-2023,Anthropic,clay loam,Anthropic clay loam,Anthropic,Anthropic,Urban,6.1,7.8,0.53,14.0,162.0,0.84,14.0,19.0,2.5,0.13,106.0,46.0,210.0,62.0,111.0,0.4,0.35,3.72,2.0,11.7,1.88,1.17,3.03,High
2017-220-02,220,2,2017,2013-2017,Whangaripo ,clay,Whangaripo clay,Ultic,Ultic,Urban,6.09,4.1,0.28,5.0,98.0,0.9,10.0,14.0,2.0,0.05,13.0,13.0,17.0,31.0,44.0,0.32,0.13,0.46,0.57,0.95,0.94,0.47,0.55,Low
2022-220-03,220,3,2022,2018-2023,Whangaripo ,clay,Whangaripo clay,Ultic,Ultic,Urban,6.1,4.8,0.38,8.0,121.0,0.94,6.0,9.0,2.8,0.05,45.0,20.0,50.0,24.0,51.0,0.45,0.13,1.58,0.87,2.79,0.73,0.54,1.01,Moderate
2017-221-02,221,2,2017,2013-2017,Albany ,clay,Albany clay,Ultic,Ultic,Urban,5.5,6.6,0.55,12.0,191.0,0.6,10.0,16.0,10.0,0.18,10.0,25.0,7.0,21.0,123.0,1.61,0.48,0.35,1.09,0.39,0.64,1.3,0.84,Low
2022-221-03,221,3,2022,2018-2023,Albany ,clay,Albany clay,Ultic,Ultic,Urban,5.23,7.3,0.57,13.0,203.0,0.77,7.0,13.0,1.4,0.25,7.0,11.0,3.0,16.0,38.0,0.23,0.67,0.25,0.48,0.17,0.48,0.4,0.38,Low
2017-222-02,222,2,2017,2013-2017,Albany ,clay,Albany clay,Ultic,Ultic,Urban,5.27,5.5,0.42,14.0,158.0,0.6,12.0,17.0,4.0,0.13,8.0,19.0,6.0,21.0,28.0,0.65,0.35,0.28,0.83,0.33,0.64,0.3,0.48,Low
2022-222-03,222,3,2022,2018-2023,Albany ,clay,Albany clay,Ultic,Ultic,Urban,5.38,6.8,0.55,32.0,251.0,0.86,7.0,10.0,3.2,0.1,6.0,16.0,2.0,16.0,36.0,0.52,0.27,0.21,0.7,0.11,0.48,0.38,0.38,Low
2017-223-02,223,2,2017,2013-2017,Whakapara,clay/sandy clay,Whakapara clay/sandy clay,Gley,Gley,Urban,6.04,8.7,0.64,10.0,325.0,0.7,6.0,9.0,4.0,0.14,15.0,28.0,8.0,41.0,92.0,0.65,0.37,0.53,1.22,0.45,1.24,0.97,0.78,Low
2022-223-03,223,3,2022,2018-2023,Whakapara,clay/sandy clay,Whakapara clay/sandy clay,Gley,Gley,Urban,6.49,9.8,0.64,20.0,336.0,0.64,11.0,14.0,8.7,0.11,17.0,28.0,7.0,17.0,82.0,1.4,0.29,0.6,1.22,0.39,0.52,0.87,0.76,Low
2017-224-02,224,2,2017,2013-2017,Anthropic,clay,Anthropic clay,Anthropic,Anthropic,Urban,5.47,7.0,0.65,33.0,198.0,0.7,8.0,12.0,19.0,0.3,19.0,129.0,9.0,75.0,81.0,3.06,0.8,0.67,5.61,0.5,2.27,0.86,1.97,Moderate
2022-224-03,224,3,2022,2018-2023,Anthropic,clay,Anthropic clay,Anthropic,Anthropic,Urban,5.51,6.6,0.61,34.0,193.0,0.84,11.0,15.0,22.0,0.27,16.0,114.0,7.0,79.0,75.0,3.55,0.72,0.56,4.96,0.39,2.39,0.79,1.91,Moderate
2017-225-02,225,2,2017,2013-2017,Anthropic,silt loam,Anthropic silt loam,Anthropic,Anthropic,Urban,5.43,6.5,0.55,46.0,221.0,0.7,10.0,14.0,4.0,0.12,9.0,35.0,5.0,26.0,55.0,0.65,0.32,0.32,1.52,0.28,0.79,0.58,0.64,Low
2022-225-03,225,3,2022,2018-2023,Anthropic,silt loam,Anthropic silt loam,Anthropic,Anthropic,Urban,5.72,6.5,0.52,25.0,162.0,0.96,8.0,11.0,2.1,0.05,9.0,19.0,18.0,18.0,74.0,0.34,0.13,0.32,0.83,1.0,0.55,0.78,0.56,Low
2017-226-02,226,2,2017,2013-2017,Anthropic,silty clay loam,Anthropic silty clay loam,Anthropic,Anthropic,Urban,5.94,5.9,0.52,41.0,178.0,0.8,5.0,9.0,5.0,0.14,25.0,23.0,21.0,47.0,73.0,0.81,0.37,0.88,1.0,1.17,1.42,0.77,0.92,Low
2022-226-03,226,3,2022,2018-2023,Anthropic,silty clay loam,Anthropic silty clay loam,Anthropic,Anthropic,Urban,5.95,6.5,0.57,63.0,183.0,0.83,7.0,11.0,6.0,0.14,21.0,21.0,18.0,42.0,77.0,0.97,0.37,0.74,0.91,1.0,1.27,0.81,0.87,Low
2017-227-02,227,2,2017,2013-2017,Whangaripo ,clay loam,Whangaripo clay loam,Ultic,Ultic,Urban,5.77,5.5,0.41,5.0,124.0,0.8,5.0,8.0,4.0,0.11,14.0,24.0,16.0,99.0,69.0,0.65,0.29,0.49,1.04,0.89,3.0,0.73,1.01,Moderate
2022-227-03,227,3,2022,2018-2023,Whangaripo ,clay loam,Whangaripo clay loam,Ultic,Ultic,Urban,6.11,8.0,0.52,10.0,158.0,0.89,4.0,7.0,4.1,0.11,11.0,20.0,8.0,75.0,68.0,0.66,0.29,0.39,0.87,0.45,2.27,0.72,0.81,Low
2017-228-02,228,2,2017,2013-2017,Ohaewai/Whakapai,silt loam,Ohaewai/Whakapai silt loam,Granular,Granular,Native,4.66,9.2,0.45,9.0,92.0,0.6,20.0,25.0,3.0,0.05,5.0,10.0,6.0,59.0,44.0,0.48,0.13,0.18,0.43,0.33,1.79,0.47,0.54,Low
2022-228-03,228,3,2022,2018-2023,Ohaewai/Whakapai,silt loam,Ohaewai/Whakapai silt loam,Granular,Granular,Native,4.96,8.5,0.46,5.0,105.0,0.84,23.0,27.0,3.5,0.05,8.0,9.0,2.0,45.0,43.0,0.56,0.13,0.28,0.39,0.11,1.36,0.46,0.47,Low
2017-229-02,229,2,2017,2013-2017,Kiripaka,silt loam,Kiripaka silt loam,Allophanic,Allophanic,Urban,6.24,5.7,0.42,46.0,128.0,0.9,8.0,11.0,8.0,0.48,36.0,77.0,39.0,198.0,340.0,1.29,1.28,1.26,3.35,2.17,6.0,3.6,2.71,Moderate
2022-229-03,229,3,2022,2018-2023,Kiripaka,silt loam,Kiripaka silt loam,Allophanic,Allophanic,Urban,6.16,6.7,0.47,65.0,137.0,0.89,10.0,13.0,7.9,0.45,45.0,107.0,34.0,163.0,410.0,1.27,1.2,1.58,4.65,1.89,4.94,4.34,2.84,Moderate
2017-233-02,233,2,2017,2013-2017,Papakauri ,silt loam,Papakauri silt loam,Allophanic,Allophanic,Urban,5.94,6.2,0.51,22.0,167.0,0.9,1.0,4.0,8.0,0.16,56.0,38.0,67.0,78.0,108.0,1.29,0.43,1.96,1.65,3.73,2.36,1.14,1.79,Moderate
2022-233-03,233,3,2022,2018-2023,Papakauri ,silt loam,Papakauri silt loam,Allophanic,Allophanic,Urban,6.0,6.9,0.55,30.0,192.0,0.8,6.0,9.0,4.7,0.14,69.0,32.0,56.0,78.0,114.0,0.76,0.37,2.42,1.39,3.12,2.36,1.21,1.66,Moderate
2017-234-02,234,2,2017,2013-2017,Papakauri ,silt loam,Papakauri silt loam,Allophanic,Allophanic,Urban,5.9,6.9,0.6,75.0,217.0,0.6,5.0,10.0,5.0,0.21,30.0,23.0,26.0,62.0,152.0,0.81,0.56,1.05,1.0,1.45,1.88,1.61,1.19,Moderate
2022-234-03,234,3,2022,2018-2023,Papakauri ,silt loam,Papakauri silt loam,Allophanic,Allophanic,Urban,5.61,7.9,0.67,74.0,232.0,0.78,13.0,16.0,5.4,0.16,26.0,21.0,22.0,55.0,119.0,0.87,0.43,0.91,0.91,1.23,1.67,1.26,1.04,Moderate
2017-235-06,235,6,2017,2013-2017,Whakapai,silt loam,Whakapai silt loam,Granular,Granular,Native,5.85,6.3,0.5,12.0,191.0,0.9,7.0,10.0,3.0,0.05,19.0,10.0,9.0,24.0,40.0,0.48,0.13,0.67,0.43,0.5,0.73,0.42,0.48,Low
2017-235-07,235,7,2022,2018-2023,Whakapai,silt loam,Whakapai silt loam,Granular,Granular,Native,6.02,6.7,0.52,7.0,164.0,0.87,12.0,15.0,2.7,0.05,14.0,10.0,8.0,19.0,41.0,0.44,0.13,0.49,0.43,0.45,0.58,0.43,0.42,Low
2017-236-02,236,2,2017,2013-2017,Anthropic,sandy silt loam,Anthropic sandy silt loam,Anthropic,Anthropic,Urban,6.03,4.0,0.39,36.0,113.0,1.0,7.0,11.0,8.0,0.12,19.0,24.0,21.0,53.0,68.0,1.29,0.32,0.67,1.04,1.17,1.61,0.72,0.97,Low
2022-236-03,236,3,2022,2018-2023,Anthropic,sandy silt loam,Anthropic sandy silt loam,Anthropic,Anthropic,Urban,6.6,4.2,0.39,51.0,97.0,1.06,6.0,9.0,7.9,0.13,17.0,31.0,19.0,84.0,104.0,1.27,0.35,0.6,1.35,1.06,2.55,1.1,1.18,Moderate
2017-237-02,237,2,2017,2013-2017,Whananaki ,sand,Whananaki sand,Recent,Recent,Urban,5.24,7.3,0.64,10.0,143.0,0.8,7.0,11.0,6.0,0.05,13.0,14.0,18.0,22.0,44.0,0.97,0.13,0.46,0.61,1.0,0.67,0.47,0.62,Low
2022-237-03,237,3,2022,2018-2023,Whananaki ,sand,Whananaki sand,Recent,Recent,Urban,5.52,6.1,0.53,12.0,121.0,0.89,13.0,17.0,4.1,0.05,12.0,11.0,16.0,11.0,33.0,0.66,0.13,0.42,0.48,0.89,0.33,0.35,0.47,Low
2017-238-02,238,2,2017,2013-2017,Kiripaka,silt loam,Kiripaka silt loam,Allophanic,Allophanic,Urban,5.65,5.6,0.53,32.0,179.0,0.7,9.0,13.0,5.0,0.32,42.0,37.0,27.0,21.0,62.0,0.81,0.85,1.47,1.61,1.5,0.64,0.66,1.08,Moderate
2022-238-03,238,3,2022,2018-2023,Kiripaka,silt loam,Kiripaka silt loam,Allophanic,Allophanic,Urban,5.57,6.4,0.58,34.0,199.0,0.61,8.0,14.0,2.5,0.22,31.0,21.0,17.0,13.0,48.0,0.4,0.59,1.09,0.91,0.95,0.39,0.51,0.69,Low
2017-239-02,239,2,2017,2013-2017,Ohaeawai,sandy loam,Ohaeawai sandy loam,Allophanic,Allophanic,Urban,5.4,16.9,1.55,22.0,243.0,0.6,5.0,8.0,3.0,0.41,46.0,49.0,108.0,38.0,158.0,0.48,1.09,1.61,2.13,6.02,1.15,1.67,2.02,Moderate
2022-239-03,239,3,2022,2018-2023,Ohaeawai,sandy loam,Ohaeawai sandy loam,Allophanic,Allophanic,Urban,5.69,17.7,1.52,53.0,280.0,0.51,15.0,21.0,3.2,0.41,41.0,52.0,114.0,43.0,173.0,0.52,1.09,1.44,2.26,6.35,1.3,1.83,2.11,Moderate
2017-241-02,241,2,2017,2013-2017,Whangamarie ,clay,Whangamarie clay,Recent,Recent,Urban,5.53,8.6,0.75,34.0,319.0,0.6,8.0,12.0,3.0,0.11,31.0,55.0,17.0,41.0,70.0,0.48,0.29,1.09,2.39,0.95,1.24,0.74,1.03,Moderate
2022-241-03,241,3,2022,2018-2023,Whangamarie ,clay,Whangamarie clay,Recent,Recent,Urban,5.69,4.8,0.46,54.0,148.0,0.81,6.0,9.0,2.1,0.11,29.0,21.0,18.0,20.0,64.0,0.34,0.29,1.02,0.91,1.0,0.61,0.68,0.69,Low
2017-242-02,242,2,2017,2013-2017,Brookby ,clay,Brookby clay,Ultic,Ultic,Native,5.78,4.5,0.25,5.0,77.0,1.1,10.0,13.0,3.0,0.05,16.0,4.0,5.0,21.0,18.0,0.48,0.13,0.56,0.17,0.28,0.64,0.19,0.35,Low
2022-242-03,242,3,2022,2018-2023,Brookby ,clay,Brookby clay,Ultic,Ultic,Native,5.77,4.1,0.24,6.0,87.0,1.09,14.0,17.0,2.6,0.05,14.0,4.0,4.0,18.0,20.0,0.42,0.13,0.49,0.17,0.22,0.55,0.21,0.31,Low
2017-243-02,243,2,2017,2013-2017,Hukerenui,silty clay loam,Hukerenui silty clay loam,Ultic,Ultic,Native,4.94,6.3,0.38,5.0,77.0,0.9,10.0,14.0,1.0,0.05,5.0,4.0,1.0,9.0,8.0,0.16,0.13,0.18,0.17,0.06,0.27,0.08,0.15,Low
2022-243-03,243,3,2022,2018-2023,Hukerenui,silty clay loam,Hukerenui silty clay loam,Ultic,Ultic,Native,4.83,5.2,0.3,6.0,70.0,1.13,8.0,11.0,1.0,0.05,3.0,1.0,1.0,5.0,5.0,0.16,0.13,0.11,0.04,0.06,0.15,0.05,0.1,Low
2017-245-02,245,2,2017,2013-2017,Warkworth ,clay loam,Warkworth clay loam,Ultic,Ultic,Native,4.69,6.4,0.33,4.0,61.0,0.8,15.0,19.0,1.0,0.05,7.0,4.0,3.0,20.0,16.0,0.16,0.13,0.25,0.17,0.17,0.61,0.17,0.24,Low
2022-245-03,245,3,2022,2018-2023,Warkworth ,clay loam,Warkworth clay loam,Ultic,Ultic,Native,4.93,9.1,0.52,4.0,107.0,0.88,16.0,19.0,2.7,0.05,13.0,6.0,6.0,27.0,22.0,0.44,0.13,0.46,0.26,0.33,0.82,0.23,0.38,Low
2017-249-02,249,2,2017,2013-2017,Mahurangi,fine sandy loam,Mahurangi fine sandy loam,Ultic,Ultic,Native,5.24,6.2,0.37,4.0,108.0,1.0,12.0,14.0,1.0,0.05,10.0,5.0,2.0,17.0,18.0,0.16,0.13,0.35,0.22,0.11,0.52,0.19,0.24,Low
2022-249-03,249,3,2022,2018-2023,Mahurangi,fine sandy loam,Mahurangi fine sandy loam,Ultic,Ultic,Native,5.52,6.0,0.36,4.0,116.0,0.95,10.0,12.0,2.0,0.05,13.0,7.0,4.0,15.0,23.0,0.32,0.13,0.46,0.3,0.22,0.45,0.24,0.3,Low
2017-251-02,251,2,2017,2013-2017,Kiripaka,silt loam,Kiripaka silt loam,Allophanic,Allophanic,Urban,5.86,6.0,0.58,34.0,123.0,1.0,0.0,1.0,4.0,0.4,68.0,37.0,111.0,32.0,112.0,0.65,1.07,2.39,1.61,6.18,0.97,1.19,2.01,Moderate
2022-251-03,251,3,2022,2018-2023,Kiripaka,silt loam,Kiripaka silt loam,Allophanic,Allophanic,Urban,6.31,6.6,0.64,47.0,149.0,0.94,10.0,13.0,3.6,0.43,67.0,38.0,121.0,45.0,114.0,0.58,1.15,2.35,1.65,6.74,1.36,1.21,2.15,Moderate
2017-252-02,252,2,2017,2013-2017,Anthropic,clay,Anthropic clay,Anthropic,Anthropic,Urban,6.05,5.3,0.43,42.0,184.0,0.8,5.0,7.0,7.0,0.3,54.0,44.0,55.0,83.0,124.0,1.13,0.8,1.89,1.91,3.06,2.52,1.31,1.8,Moderate
2022-252-03,252,3,2022,2018-2023,Anthropic,clay,Anthropic clay,Anthropic,Anthropic,Urban,5.94,5.0,0.44,53.0,179.0,0.92,9.0,11.0,3.8,0.22,38.0,31.0,33.0,41.0,96.0,0.61,0.59,1.33,1.35,1.84,1.24,1.02,1.14,Moderate
2017-256-02,256,2,2017,2013-2017,Papakauri,stony loam,Papakauri stony loam,Allophanic,Allophanic,Urban,5.97,7.8,0.65,73.0,240.0,0.7,5.0,8.0,3.0,0.14,53.0,36.0,68.0,22.0,102.0,0.48,0.37,1.86,1.57,3.79,0.67,1.08,1.4,Moderate
2022-256-03,256,3,2022,2018-2023,Papakauri,stony loam,Papakauri stony loam,Allophanic,Allophanic,Urban,6.14,7.4,0.62,84.0,201.0,0.78,10.0,13.0,2.7,0.14,47.0,35.0,69.0,21.0,107.0,0.44,0.37,1.65,1.52,3.84,0.64,1.13,1.37,Moderate
2017-257-02,257,2,2017,2013-2017,Ohaeawai,stony loam,Ohaeawai stony loam,Allophanic,Allophanic,Urban,6.02,6.2,0.59,96.0,201.0,0.7,5.0,7.0,2.0,0.41,76.0,31.0,85.0,16.0,133.0,0.32,1.09,2.67,1.35,4.74,0.48,1.41,1.72,Moderate
2022-257-03,257,3,2022,2018-2023,Ohaeawai,stony loam,Ohaeawai stony loam,Allophanic,Allophanic,Urban,5.98,7.4,0.62,129.0,202.0,0.79,4.0,7.0,2.0,0.43,77.0,36.0,90.0,15.0,173.0,0.32,1.15,2.7,1.57,5.01,0.45,1.83,1.86,Moderate
2017-258-02,258,2,2017,2013-2017,Anthropic,clay,Anthropic clay,Anthropic,Anthropic,Urban,5.34,5.2,0.42,17.0,146.0,0.6,10.0,15.0,4.0,0.15,37.0,14.0,17.0,32.0,58.0,0.65,0.4,1.3,0.61,0.95,0.97,0.61,0.78,Low
2022-258-03,258,3,2022,2018-2023,Anthropic,clay,Anthropic clay,Anthropic,Anthropic,Urban,5.33,6.2,0.5,19.0,170.0,0.84,7.0,10.0,3.3,0.16,28.0,12.0,13.0,28.0,55.0,0.53,0.43,0.98,0.52,0.72,0.85,0.58,0.66,Low
2017-259-02,259,2,2017,2013-2017,Whangamarie ,clay,Whangamarie clay,Recent,Recent,Urban,5.12,4.8,0.4,13.0,121.0,0.7,6.0,10.0,2.0,0.14,15.0,11.0,10.0,32.0,49.0,0.32,0.37,0.53,0.48,0.56,0.97,0.52,0.54,Low
2022-259-03,259,3,2022,2018-2023,Whangamarie ,clay,Whangamarie clay,Recent,Recent,Urban,5.31,6.3,0.52,17.0,248.0,0.9,12.0,15.0,2.5,0.14,18.0,13.0,11.0,36.0,60.0,0.4,0.37,0.63,0.57,0.61,1.09,0.63,0.61,Low
2017-262-06,262,6,2017,2013-2017,Brookby,clay,Brookby clay,Ultic,Ultic,Native,5.72,5.6,0.41,6.0,135.0,0.9,10.0,14.0,3.0,0.1,20.0,8.0,7.0,16.0,30.0,0.48,0.27,0.7,0.35,0.39,0.48,0.32,0.43,Low
2022-262-07,262,7,2022,2018-2023,Brookby,clay,Brookby clay,Ultic,Ultic,Native,6.02,6.7,0.47,6.0,161.0,0.94,9.0,12.0,2.6,0.11,22.0,8.0,10.0,27.0,41.0,0.42,0.29,0.77,0.35,0.56,0.82,0.43,0.52,Low
